message_id,patient_id,clinic_id,sent_time,replied_time
1,01a1f7da-417e-4ecb-bf12-12f2dbc6d4a9,229,2025-03-15 12:09:42,2025-03-15 21:37:42
2,8deb0414-1e2d-4c82-9c33-eea22b033fe6,458,2025-02-15 04:00:40,2025-02-15 07:34:40
3,6e4eb84f-d6a9-4899-bf90-96f496132301,1517,2025-04-08 01:27:02,
4,5bbb52d7-3b71-4723-9ff7-2df4c6477f74,1210,2025-04-07 19:45:09,2025-04-07 20:51:09
5,af9f9ce0-1a24-4ac7-91fb-c1642fc941de,448,2025-01-25 09:40:41,2025-01-26 06:17:41
6,c56afa5b-f00d-4347-aa50-8c374aea2c81,1150,2025-01-23 19:21:43,2025-01-24 17:36:43
7,2e6ab2fd-42ea-47a8-b784-e47a276ddecf,1117,2025-04-13 18:50:48,2025-04-14 10:14:48
8,4d738fb7-a218-41b2-8ab4-f0e634bdd8b7,570,2025-01-27 05:53:11,
9,ec899be4-4de0-4f10-8f3e-216669d153e1,1555,2025-01-20 16:16:28,
10,dc36f51e-fb40-4b2d-8f2d-6d1ea8672480,866,2025-02-05 00:11:14,2025-02-05 05:34:14
11,fdf56e9f-f194-4f6c-8d5a-7f30aa6cf97b,1564,2025-03-20 15:00:23,2025-03-20 18:14:23
12,85a7e996-98c5-4871-8ef6-05e0308c4fb3,199,2025-03-07 02:59:28,2025-03-07 14:48:28
13,fef83c0d-b5e6-4989-b2b2-19fc0dbe742b,542,2025-03-01 23:26:24,
14,ebe09d13-3284-43c2-8134-618f92e51992,941,2025-01-22 23:40:05,2025-01-23 12:40:05
15,ac4e1350-d425-4065-9779-2b8da519c3e8,1131,2025-03-06 12:19:27,2025-03-07 09:51:27
16,eb79a7b1-f3dc-484b-8b87-7e53de1386dd,741,2025-04-06 16:54:12,2025-04-06 19:21:12
17,c55fca61-be83-4909-8e94-e3ebe1d6c076,1355,2025-03-11 09:43:15,2025-03-11 19:40:15
18,ac4e1350-d425-4065-9779-2b8da519c3e8,477,2025-01-29 07:43:18,
19,85a7e996-98c5-4871-8ef6-05e0308c4fb3,570,2025-03-25 20:18:51,2025-03-26 08:50:51
20,a7717fb2-ea11-47f6-bf67-898b62801582,759,2025-04-13 11:13:09,2025-04-14 10:10:09
21,26909126-c9bc-4d2c-addf-76ae0f3fd2c8,1438,2025-03-17 12:31:56,
22,f78bf1c1-ac15-47e3-80f4-91a503349f81,147,2025-02-19 11:03:11,2025-02-19 16:58:11
23,80244dc6-d3ea-4a30-b240-8040b4eed443,1494,2025-01-29 18:55:45,2025-01-30 10:46:45
24,85a7e996-98c5-4871-8ef6-05e0308c4fb3,553,2025-02-25 15:48:58,
25,01a1f7da-417e-4ecb-bf12-12f2dbc6d4a9,1410,2025-02-16 15:47:06,2025-02-17 15:14:06
26,6ea48dc0-65fb-436d-9729-b73b4324805c,1574,2025-03-09 21:26:11,2025-03-10 05:20:11
27,9ed5cdbb-5cf2-4a2e-a942-8964445751bc,66,2025-02-13 02:21:49,
28,25c3b79e-f014-4b37-b780-1b0616346471,549,2025-03-17 02:13:13,2025-03-17 21:39:13
29,59c435a2-dfdf-4a67-83e5-22d0cd4ace29,1471,2025-04-14 04:13:44,2025-04-15 02:40:44
30,f34a26e4-85ce-4148-8094-ad764cee122e,811,2025-03-04 10:19:51,
31,ff7e0cbe-dc10-49a1-a93f-d289628f17ea,940,2025-03-05 19:38:07,2025-03-06 00:28:07
32,a4aa131b-d4da-4805-8c4e-127f6e7ec1b2,1526,2025-03-14 13:21:42,2025-03-14 22:24:42
33,41c02d97-7c4b-4336-96dc-49eb4f004e22,1198,2025-03-21 03:58:02,2025-03-21 23:58:02
34,34cee146-21d3-48f2-b3ac-25cb7f4b24b9,742,2025-03-05 04:37:11,2025-03-05 09:25:11
35,53b20d16-33dd-48e6-9269-fd43a3af5ce5,1011,2025-02-07 06:07:11,2025-02-07 07:48:11
36,eba17684-d15f-4728-9477-d223dcab893c,225,2025-03-09 22:53:03,2025-03-10 04:25:03
37,fb13c4ee-a0fb-41e1-96d8-cd814fd67609,1394,2025-02-06 16:26:10,2025-02-06 18:41:10
38,c93de1dd-ff77-4f14-a19e-9e81eae097c7,782,2025-02-10 13:03:10,2025-02-11 05:06:10
39,0b54acd0-b566-4d62-a0fd-344fea42cb51,515,2025-04-12 10:01:45,
40,eba17684-d15f-4728-9477-d223dcab893c,24,2025-04-09 15:35:02,2025-04-09 19:34:02
41,084f664a-65a7-4c37-b774-8fd7a8fe7812,1100,2025-01-20 17:37:31,2025-01-21 15:34:31
42,dc014a6b-ee0e-4269-b44d-101f5bed1b48,229,2025-03-01 02:14:54,2025-03-01 07:42:54
43,38f230b1-8312-44ff-bc48-4136ca3ea03d,7,2025-01-27 02:10:29,
44,59c435a2-dfdf-4a67-83e5-22d0cd4ace29,1474,2025-02-13 05:11:41,2025-02-13 22:21:41
45,d97a7657-7d71-4295-8fb8-a551adf8bf95,366,2025-02-12 01:17:31,2025-02-12 04:59:31
46,33654e76-61f7-4d23-ab10-37f30d124a8a,1281,2025-02-08 11:53:43,2025-02-09 09:46:43
47,20d5bf28-2f88-4fbf-bf73-3ae54ba12572,1248,2025-04-14 23:33:21,2025-04-15 12:23:21
48,d97a7657-7d71-4295-8fb8-a551adf8bf95,331,2025-02-18 19:59:11,2025-02-19 14:10:11
49,5fe59f25-01dd-4910-8664-e5a37b66efa2,2,2025-03-03 01:01:02,2025-03-03 17:46:02
50,cb8275f1-6e45-4608-bde1-57367bfdf54a,230,2025-04-12 08:05:34,
51,df335e9a-cef8-4c01-a4ca-0dbb9832fcdc,1653,2025-03-23 05:57:25,2025-03-23 08:00:25
52,6de852e4-12cc-4134-b175-10ac5edf87da,1162,2025-02-23 15:57:55,
53,4c54e2e3-38e8-45f2-ae2a-b0b843e54ecf,1499,2025-02-13 19:11:22,2025-02-13 21:37:22
54,03530dfa-9b5f-473e-9b99-26123352eb6c,1091,2025-03-28 03:39:45,2025-03-28 08:06:45
55,ed8ce7b7-d438-4bbe-94be-482c1ef4c29e,974,2025-03-05 13:18:05,
56,4b9276cb-9905-41c2-9732-a2d6cef4950c,543,2025-03-10 21:34:09,2025-03-11 18:21:09
57,3a480b9d-e5a7-450b-bb6e-3ec1e87f5087,434,2025-03-16 21:53:35,
58,cca894f1-8b5f-4d5e-a700-e2258c37c218,1495,2025-02-08 01:12:04,2025-02-08 11:55:04
59,34cee146-21d3-48f2-b3ac-25cb7f4b24b9,1376,2025-04-11 15:19:12,2025-04-12 06:21:12
60,3dc84bf1-5d52-4fd5-864f-a55b060544c1,1060,2025-02-20 18:30:00,2025-02-21 03:02:00
61,8a7881fe-4140-4fd8-b2ef-6cf9b762957d,132,2025-01-20 20:25:08,2025-01-21 16:34:08
62,f0c90c94-e602-45e4-b63d-44134ba8221c,472,2025-04-07 03:04:53,2025-04-07 03:23:53
63,80dc7539-36dd-4bc1-9e74-cb6a51a42ce7,1450,2025-04-17 02:26:34,2025-04-17 10:19:34
64,0b1c0116-5ad1-404c-8397-028dd0b6ba75,65,2025-02-21 00:25:47,
65,80dc7539-36dd-4bc1-9e74-cb6a51a42ce7,1053,2025-03-24 13:08:10,2025-03-25 12:03:10
66,c5b92e88-84f2-4b1a-b691-ec41fe4e1e82,439,2025-04-02 03:52:05,2025-04-02 23:26:05
67,3a22052f-3a0e-4cb8-9cc7-dbd1d9ee5b69,969,2025-04-03 05:48:34,2025-04-03 22:01:34
68,64f7a013-acf3-4b4d-9583-3542095c97fd,834,2025-03-21 21:23:45,2025-03-22 00:46:45
69,ed8ce7b7-d438-4bbe-94be-482c1ef4c29e,883,2025-03-26 06:05:33,2025-03-26 20:11:33
70,ee392fb7-6d55-421b-9d60-bb3aed8f75ba,1494,2025-02-05 10:24:11,2025-02-06 08:47:11
71,66f7ac98-5a6e-4d21-8327-6a76fb65558f,202,2025-02-27 10:07:07,2025-02-27 21:46:07
72,61a4c348-06d9-42cf-ac11-346ba956ca17,224,2025-01-21 16:52:19,2025-01-21 23:26:19
73,aa45baab-b913-461f-943b-5685725df3ff,919,2025-02-05 15:46:35,2025-02-05 22:06:35
74,b4325034-952a-47ff-a1a8-39620529759d,948,2025-04-02 11:09:01,2025-04-02 13:48:01
75,4215aa6e-ea9a-4102-8557-91ab94228d75,1655,2025-03-04 23:58:54,
76,a81b540e-1864-430e-a0de-77c56568ef8d,201,2025-01-21 10:33:17,2025-01-22 05:05:17
77,ad099361-776f-4ad6-b70e-6207d562ab4a,31,2025-03-30 03:09:44,
78,3f679b26-1ef1-4ccd-9b6f-01a3b8bbcc54,1544,2025-02-26 19:11:23,
79,9411eac6-c54e-412c-9175-d7299b8ab8d6,833,2025-04-12 04:36:44,2025-04-12 11:58:44
80,ea723e7c-b265-4ced-b2ea-a1003668e63f,822,2025-03-10 20:59:32,
81,4b9276cb-9905-41c2-9732-a2d6cef4950c,777,2025-03-05 07:02:23,2025-03-05 20:26:23
82,22ba7c45-ea4f-4c3b-b87c-142d94afe8b9,1606,2025-02-20 01:33:06,2025-02-20 11:22:06
83,3a480b9d-e5a7-450b-bb6e-3ec1e87f5087,1427,2025-03-01 15:17:25,
84,ccdbbda2-18e5-4c3a-a4ce-c4acf3651230,1139,2025-04-02 01:06:34,2025-04-02 17:47:34
85,4b57766a-db06-432e-af32-2e4d118e7407,389,2025-03-05 07:12:45,2025-03-05 09:16:45
86,46d10e56-e31d-4e24-be37-cc97d1958680,1507,2025-01-24 11:53:00,2025-01-24 22:40:00
87,e4d887f0-cc81-46bc-8ad5-810c7147d088,103,2025-03-06 07:32:22,2025-03-07 00:46:22
88,5fe59f25-01dd-4910-8664-e5a37b66efa2,1088,2025-01-26 21:31:03,2025-01-27 14:56:03
89,cd5df7bc-64ae-44a6-87c9-869163d2bf70,381,2025-03-21 10:10:07,2025-03-21 12:34:07
90,a4d327c3-5c32-4fcc-877c-c5e9b8cfea4e,482,2025-04-10 18:38:28,2025-04-11 14:09:28
91,a4aa131b-d4da-4805-8c4e-127f6e7ec1b2,1186,2025-04-17 09:28:29,2025-04-18 06:41:29
92,cd5df7bc-64ae-44a6-87c9-869163d2bf70,859,2025-03-27 13:10:39,2025-03-28 08:32:39
93,28a998a2-78c3-4b00-b651-a5eb82c2c47f,648,2025-03-12 05:22:05,
94,35210f6c-3852-41fc-974b-3906f67c9ca4,1372,2025-03-25 15:58:35,2025-03-26 00:11:35
95,22ba7c45-ea4f-4c3b-b87c-142d94afe8b9,811,2025-01-30 06:02:00,2025-01-31 04:08:00
96,6835b9c6-cea9-4194-8bd6-ce75bf454da8,937,2025-02-03 03:38:15,2025-02-03 06:11:15
97,c4cfaa8b-c607-460f-b280-8d5cc1657c6e,939,2025-03-17 20:25:51,2025-03-18 15:43:51
98,4f728817-de26-4c1a-9482-942735a6d5cc,151,2025-02-05 07:51:47,2025-02-06 01:12:47
99,22ba7c45-ea4f-4c3b-b87c-142d94afe8b9,272,2025-02-10 20:16:04,
100,bdcd79ee-a7e3-4e20-b1c7-76d784ab8be3,141,2025-04-14 08:38:32,
101,ce7fd550-9bd7-4f62-a125-6b1f632dfd91,584,2025-03-29 09:52:23,2025-03-30 04:29:23
102,63884e94-df77-40c3-8772-650a1e4c4c48,620,2025-02-26 09:01:42,2025-02-27 07:25:42
103,0b54acd0-b566-4d62-a0fd-344fea42cb51,17,2025-04-18 04:26:15,2025-04-18 23:26:15
104,6835b9c6-cea9-4194-8bd6-ce75bf454da8,1359,2025-01-27 20:01:07,2025-01-28 00:41:07
105,22ba7c45-ea4f-4c3b-b87c-142d94afe8b9,237,2025-04-12 09:13:17,
106,6cd65311-8f1a-45c4-89ce-e1785c62a247,1134,2025-02-08 19:57:15,2025-02-09 05:39:15
107,fef83c0d-b5e6-4989-b2b2-19fc0dbe742b,432,2025-03-14 23:09:27,2025-03-15 06:10:27
108,2e842383-1831-4337-bb4a-fedffd10c3f3,1299,2025-01-29 06:49:07,
109,4f91a9ce-5087-4a24-a62b-0255a06017e4,1001,2025-01-30 23:48:11,2025-01-31 01:37:11
110,af9f9ce0-1a24-4ac7-91fb-c1642fc941de,1300,2025-02-05 20:08:34,2025-02-06 05:39:34
111,8c91f81c-c4a3-465a-b0c3-4b268a20ba4a,8,2025-03-07 09:24:07,2025-03-07 13:56:07
112,b91a44cd-78ba-4052-b5b7-87a44f457b51,537,2025-03-04 10:52:58,2025-03-05 02:01:58
113,d765cbd2-7b13-44e7-88d2-cdcaa7a39446,1446,2025-02-12 05:49:05,2025-02-12 06:13:05
114,a835f6d1-1f5d-47ba-9534-ee6de9fc4e25,155,2025-02-22 22:58:48,
115,570da126-ff9c-4805-b4a1-26a643be644f,306,2025-03-17 16:57:11,2025-03-18 05:38:11
116,d78d54c1-6ea0-47a7-9f49-e4572a2509c0,1132,2025-03-22 05:02:26,2025-03-22 09:28:26
117,3bdaec88-f7f1-49e1-b5dc-df5fb04c6cda,632,2025-03-16 17:43:00,2025-03-16 19:09:00
118,3dc84bf1-5d52-4fd5-864f-a55b060544c1,733,2025-03-10 04:49:14,2025-03-10 13:25:14
119,2237c214-70bb-4114-8336-f8f342f7814f,211,2025-02-16 12:26:38,2025-02-17 07:37:38
120,42605e08-9e78-409e-a290-129a63228db2,833,2025-03-24 21:16:09,
121,95b70a31-12ae-4855-987a-3e9aff986fe4,317,2025-01-28 13:43:50,
122,fea32c75-0f3e-40ba-aab6-af143ac3f6a9,333,2025-03-27 13:50:25,
123,2e63670b-7544-4677-b194-7591c2fd299c,363,2025-03-31 02:58:37,
124,6a3289a4-eb20-4237-98c3-21f47ee2d7aa,368,2025-02-07 17:34:36,2025-02-08 04:59:36
125,864a832a-b9e3-4584-9d2f-8c0900a62f7b,844,2025-04-16 21:38:50,
126,ea723e7c-b265-4ced-b2ea-a1003668e63f,1506,2025-04-17 07:18:53,
127,26909126-c9bc-4d2c-addf-76ae0f3fd2c8,327,2025-02-11 17:57:01,2025-02-11 21:43:01
128,f0f463a9-ced3-4e66-8523-326920a22ec9,80,2025-03-07 23:57:15,
129,85aba44d-5cfb-4010-befb-9b2b789f8ea5,409,2025-02-27 13:13:17,
130,d5a00a4d-e03e-40b9-b730-01f3a29ad66a,717,2025-03-08 05:21:30,2025-03-08 13:12:30
131,278d47d2-62a6-4f49-9948-1c348e4079cc,49,2025-03-02 22:00:16,2025-03-03 11:41:16
132,ea201dc3-8bdf-417e-a33e-dffc9e44d271,571,2025-01-19 11:55:26,
133,7c5656bf-e747-4ea0-a2f1-0bdaf39ee624,1584,2025-02-20 02:21:29,2025-02-21 00:19:29
134,53b20d16-33dd-48e6-9269-fd43a3af5ce5,819,2025-04-17 14:58:59,2025-04-18 09:21:59
135,a763735a-924d-4b78-992f-e7a3d5456a50,57,2025-03-26 22:47:22,2025-03-27 07:46:22
136,938e2f71-edbf-4896-9554-143838fd0c79,1190,2025-03-08 15:47:14,
137,22ba7c45-ea4f-4c3b-b87c-142d94afe8b9,79,2025-04-04 05:02:07,2025-04-04 19:56:07
138,d914b16d-50f2-4983-addc-39316e5b285a,1493,2025-01-19 18:16:35,2025-01-20 09:14:35
139,217e52e6-e1f5-4571-8f1a-7d16ee2dc2a1,1048,2025-03-07 03:05:52,2025-03-07 22:50:52
140,29b62f78-b506-4211-b439-d552d9c6ce2c,522,2025-03-15 19:38:59,2025-03-16 10:36:59
141,ba2d835f-f85e-4283-b851-c1146575e8af,1065,2025-01-25 01:06:31,
142,78fece7f-a032-41c3-8e3c-d23f211f2c82,1407,2025-04-02 06:24:58,2025-04-03 05:22:58
143,ef8e20ed-d8f3-4743-880a-b38bf447d94c,746,2025-01-22 23:33:01,2025-01-23 22:18:01
144,32df6c31-3746-4577-8837-6d403ac53c2a,677,2025-03-20 14:16:05,2025-03-21 12:59:05
145,afc96b0e-a40e-4ed3-9e13-6a808939f74a,256,2025-04-06 13:17:34,2025-04-06 23:37:34
146,20d5bf28-2f88-4fbf-bf73-3ae54ba12572,634,2025-04-01 19:33:34,2025-04-02 06:46:34
147,2de75a92-4605-4bf0-a5e0-a60e52818ec0,1428,2025-02-26 21:27:41,2025-02-27 01:52:41
148,f5501bdf-f29e-4b7e-95e8-67a3c04f8854,862,2025-04-10 16:02:24,2025-04-11 05:03:24
149,6e4eb84f-d6a9-4899-bf90-96f496132301,1533,2025-03-21 21:03:10,
150,9557d591-49d8-48e0-a72c-78907db512b3,1166,2025-02-22 21:41:52,2025-02-23 16:28:52
151,55ecb00d-ae69-4e2b-9d9a-06fd1e58f6e6,1,2025-01-30 04:31:53,2025-01-30 11:46:53
152,f5ef1ebd-9cd4-4286-9452-b7110443b766,1610,2025-04-14 16:34:06,2025-04-15 14:59:06
153,d3e3ded4-69f9-4f4e-88e4-2a16806273b3,953,2025-01-21 12:48:47,2025-01-22 11:56:47
154,0a95d1e1-43e3-4297-8ef1-3f66c58c1950,1047,2025-04-08 02:38:04,2025-04-08 08:30:04
155,ed8ce7b7-d438-4bbe-94be-482c1ef4c29e,174,2025-03-01 02:42:48,2025-03-02 01:26:48
156,37e558a0-867e-453b-a733-6031e0bd6240,1269,2025-02-13 13:54:54,2025-02-13 22:00:54
157,4ca32449-e803-444a-82d7-049dd9b98cfa,636,2025-01-22 14:08:04,2025-01-22 21:00:04
158,56b766a5-960c-45cd-aad7-77bd06a22cda,51,2025-03-07 18:39:41,2025-03-08 10:57:41
159,41500063-9b64-44b5-bfc7-b5812748433e,1574,2025-01-22 02:26:42,2025-01-22 16:39:42
160,43dc2248-a20d-47e6-9557-91e6d1bb5622,1290,2025-03-03 19:22:56,2025-03-04 19:13:56
161,9830e432-8c63-44e8-a04a-01d26667c06b,1013,2025-03-10 20:38:58,2025-03-11 01:45:58
162,c995e892-2e55-4f0d-b790-d5c2dd8e877b,1409,2025-02-07 12:38:42,2025-02-07 16:21:42
163,fe29a3ae-42f4-47c1-9318-0d78c215821f,871,2025-04-02 13:04:26,2025-04-03 12:54:26
164,3afb9430-5d92-4083-961e-edeb4073b164,952,2025-03-11 20:15:29,2025-03-12 04:50:29
165,f7c430ca-c5d9-4515-8854-6b42f11d044a,249,2025-03-25 17:12:44,2025-03-26 09:08:44
166,2237c214-70bb-4114-8336-f8f342f7814f,1088,2025-03-22 07:05:24,
167,5b1f3387-b375-47a2-8af0-dd8db620e349,650,2025-02-16 21:17:12,
168,466b654d-3d15-44b2-bcff-b3ffcf245b69,907,2025-03-02 11:27:22,2025-03-03 04:45:22
169,83d95e36-1e78-4e01-b80f-dca9303c264a,1123,2025-03-11 04:06:03,2025-03-11 09:36:03
170,6cd65311-8f1a-45c4-89ce-e1785c62a247,973,2025-03-30 13:46:08,2025-03-30 22:17:08
171,d99cb917-d631-43b3-baeb-99342ed1b373,1306,2025-02-13 17:35:19,2025-02-14 11:27:19
172,c5b92e88-84f2-4b1a-b691-ec41fe4e1e82,1284,2025-03-09 08:43:06,2025-03-09 23:48:06
173,921603fe-dc4e-4ff1-82f1-ecf20b8a48fb,1462,2025-02-06 16:21:20,2025-02-07 01:42:20
174,140336b0-4630-4296-bb98-e9a59bbf5afa,655,2025-04-06 20:01:04,
175,cd5df7bc-64ae-44a6-87c9-869163d2bf70,284,2025-01-19 15:45:55,2025-01-20 04:54:55
176,8ffadd2b-ffea-4eea-a0d7-0d92940a078b,313,2025-02-09 18:16:10,2025-02-09 20:32:10
177,73dea7c2-1001-4c45-a0e9-f83063f66d73,835,2025-02-12 07:34:10,2025-02-12 23:33:10
178,73dea7c2-1001-4c45-a0e9-f83063f66d73,128,2025-03-09 20:57:42,2025-03-10 11:22:42
179,5e9ca5c3-6555-4116-9ffb-cde60bc4dfa9,1577,2025-04-10 07:39:28,2025-04-11 07:28:28
180,9dc9c5cf-d0eb-4f87-8971-c1430eeb6993,1568,2025-04-03 06:21:34,2025-04-03 22:42:34
181,ec899be4-4de0-4f10-8f3e-216669d153e1,721,2025-02-21 17:30:43,2025-02-22 06:53:43
182,86142f38-c195-442c-ad8a-ad7e08f16514,859,2025-03-04 12:33:33,2025-03-05 07:16:33
183,61a4c348-06d9-42cf-ac11-346ba956ca17,1236,2025-02-08 07:28:37,
184,6f6a86e8-ce37-426d-813b-eb6a9dd65ae9,450,2025-03-01 15:37:52,2025-03-02 08:16:52
185,5da1981b-a96f-41cc-a82c-bed3b50eda50,797,2025-04-12 17:04:58,2025-04-13 16:19:58
186,87c2c2e3-3963-41d0-bb30-6b99e7de53d5,829,2025-02-19 12:36:12,2025-02-20 04:38:12
187,5fe59f25-01dd-4910-8664-e5a37b66efa2,262,2025-03-23 16:45:12,
188,80244dc6-d3ea-4a30-b240-8040b4eed443,56,2025-02-15 06:30:25,
189,bd281667-5d42-4a45-bf0f-c5c19982af3b,1156,2025-03-26 15:02:41,2025-03-26 17:58:41
190,ff7e0cbe-dc10-49a1-a93f-d289628f17ea,878,2025-03-25 11:46:00,2025-03-26 03:36:00
191,a90714a3-cb82-4063-aedf-9ba9806d3457,103,2025-01-19 07:51:48,2025-01-19 19:06:48
192,dc0f10dc-f127-4aa7-9f1c-d28a900276b6,932,2025-04-12 21:31:40,2025-04-13 10:32:40
193,b4325034-952a-47ff-a1a8-39620529759d,1541,2025-02-15 21:12:01,
194,5c27af1c-a03d-4f69-821c-facb26736d23,517,2025-04-13 20:02:49,
195,17bd1f60-3a63-4868-a5b3-a57287e94db8,40,2025-02-13 02:14:44,2025-02-13 04:05:44
196,a1b32421-73b3-4d4d-8870-43d0de8dace1,717,2025-03-19 20:08:43,2025-03-19 22:33:43
197,1647a849-0344-4683-9a8c-aa4095c444fa,1335,2025-01-31 04:16:39,2025-01-31 05:24:39
198,3aff7d97-843b-4043-9c68-2594685936ef,507,2025-03-06 03:37:59,2025-03-06 04:23:59
199,def62ab7-3aa7-41b5-afab-e6382ad95bc4,313,2025-02-05 13:23:03,2025-02-06 05:37:03
200,ca5a8ae8-b554-4048-82ec-f21c6d39b326,235,2025-03-09 12:52:18,2025-03-09 20:23:18
201,18bf4a71-2609-4490-819e-83150b8dcc73,1433,2025-01-24 05:34:34,2025-01-24 18:14:34
202,9411eac6-c54e-412c-9175-d7299b8ab8d6,1241,2025-03-19 06:30:34,2025-03-19 10:29:34
203,fe29a3ae-42f4-47c1-9318-0d78c215821f,1678,2025-01-19 14:02:34,2025-01-20 00:44:34
204,70f8c810-4272-4442-a701-24c57a18b38f,1186,2025-02-05 23:43:43,2025-02-06 10:26:43
205,aefb8106-1f5a-48fb-8f8e-e3cd18c053dd,1388,2025-01-30 01:13:09,
206,8a46d480-b81a-44a3-84cb-5c682319594f,813,2025-04-12 18:57:07,
207,7d8a9290-046b-49fa-9d9a-9ab5fd3e1a29,156,2025-03-03 11:30:02,2025-03-04 08:59:02
208,17e2aa93-ac7c-47c5-bd89-fa69516881a1,209,2025-03-13 10:05:52,2025-03-13 20:27:52
209,10160de4-c11b-4ce1-ab8b-bd138ce043e7,1402,2025-04-13 00:13:36,2025-04-13 04:25:36
210,fb329ae3-57b6-47f2-96ed-9108f4aa1228,1160,2025-04-08 03:47:40,2025-04-08 15:43:40
211,5229f835-4c9a-460d-bec1-c04cf84953db,878,2025-03-08 18:10:39,2025-03-08 20:36:39
212,20d5bf28-2f88-4fbf-bf73-3ae54ba12572,1327,2025-02-11 09:33:22,2025-02-11 23:58:22
213,aa217581-1a82-4c30-b80e-9430fbf323d8,1004,2025-04-05 12:09:52,2025-04-06 00:35:52
214,769c617f-8e3a-4300-a576-b940cc2c9e08,1698,2025-03-24 00:24:38,2025-03-24 05:42:38
215,26409626-3e00-486f-a63f-f921a9f425c2,361,2025-04-04 22:13:01,2025-04-05 20:30:01
216,999bc180-5741-4749-a9a9-fb2cd0e4fd8a,1262,2025-02-25 11:40:08,
217,78fece7f-a032-41c3-8e3c-d23f211f2c82,1587,2025-04-06 15:29:33,2025-04-07 06:26:33
218,5d3177dc-a546-4125-80bf-7641d820c738,1498,2025-02-12 12:17:06,2025-02-12 23:22:06
219,86142f38-c195-442c-ad8a-ad7e08f16514,503,2025-02-11 11:31:42,
220,5bbb52d7-3b71-4723-9ff7-2df4c6477f74,572,2025-03-31 09:49:21,
221,17e2aa93-ac7c-47c5-bd89-fa69516881a1,1537,2025-01-26 15:43:01,2025-01-27 12:37:01
222,ca5a8ae8-b554-4048-82ec-f21c6d39b326,777,2025-03-01 04:21:38,2025-03-01 21:18:38
223,10160de4-c11b-4ce1-ab8b-bd138ce043e7,666,2025-03-07 10:28:56,2025-03-07 17:47:56
224,6407efee-1881-436e-8b7e-51dd31fbf9da,1634,2025-03-31 21:07:14,2025-04-01 06:44:14
225,55b40f5e-bc40-456e-838a-df44cc6a3edf,1221,2025-03-10 00:57:10,2025-03-10 10:27:10
226,f466e6de-ca54-4687-81c5-cf55150b070a,21,2025-02-19 05:44:59,2025-02-19 12:20:59
227,4c54e2e3-38e8-45f2-ae2a-b0b843e54ecf,495,2025-04-01 01:33:50,2025-04-01 18:18:50
228,f466e6de-ca54-4687-81c5-cf55150b070a,1553,2025-03-20 05:25:42,2025-03-20 21:45:42
229,66f7ac98-5a6e-4d21-8327-6a76fb65558f,1458,2025-03-08 10:04:55,2025-03-08 10:44:55
230,af9f9ce0-1a24-4ac7-91fb-c1642fc941de,603,2025-04-09 01:50:32,2025-04-10 01:31:32
231,17e2aa93-ac7c-47c5-bd89-fa69516881a1,628,2025-02-13 13:06:14,2025-02-14 01:46:14
232,e6b520f5-ae73-4215-9d91-01be90db83f6,1134,2025-02-12 23:23:06,2025-02-13 13:59:06
233,c68af5df-d55c-4c3a-b568-08091268358f,1128,2025-02-13 13:30:10,2025-02-14 05:04:10
234,999bc180-5741-4749-a9a9-fb2cd0e4fd8a,628,2025-04-14 21:57:02,2025-04-15 02:09:02
235,8d6fa5e1-d1fd-4139-bc20-4440bcf4fa3d,395,2025-01-22 16:02:16,2025-01-23 10:24:16
236,3aff7d97-843b-4043-9c68-2594685936ef,1561,2025-03-13 02:30:46,2025-03-13 09:07:46
237,fdf56e9f-f194-4f6c-8d5a-7f30aa6cf97b,1513,2025-03-14 04:28:35,2025-03-15 00:40:35
238,03530dfa-9b5f-473e-9b99-26123352eb6c,1075,2025-03-23 14:33:04,2025-03-23 18:03:04
239,55ecb00d-ae69-4e2b-9d9a-06fd1e58f6e6,398,2025-03-15 05:06:03,2025-03-15 17:30:03
240,938e2f71-edbf-4896-9554-143838fd0c79,620,2025-04-16 02:28:40,2025-04-16 20:46:40
241,80b18033-b5cd-4696-a8a5-7fe0c9e50e5d,562,2025-02-18 06:02:56,2025-02-18 07:58:56
242,f0c90c94-e602-45e4-b63d-44134ba8221c,599,2025-03-31 16:59:34,2025-03-31 21:22:34
243,b91a44cd-78ba-4052-b5b7-87a44f457b51,1542,2025-03-16 16:15:28,2025-03-16 16:45:28
244,7a9444d1-d9a6-4581-9cc1-ad6ccbb2c634,583,2025-02-08 13:24:29,2025-02-09 04:31:29
245,dc014a6b-ee0e-4269-b44d-101f5bed1b48,378,2025-01-20 22:48:52,
246,a5234b3c-b5e0-4b0e-ab0d-7e8fdd0cffdf,979,2025-02-07 00:48:11,2025-02-07 03:06:11
247,25c3b79e-f014-4b37-b780-1b0616346471,1008,2025-02-05 16:51:01,2025-02-06 14:25:01
248,2e842383-1831-4337-bb4a-fedffd10c3f3,110,2025-03-20 08:47:16,2025-03-21 04:04:16
249,24228f6c-e126-419a-bcf3-c36acd5ab971,623,2025-01-21 21:27:44,2025-01-22 06:00:44
250,fc29cf3c-0b55-4a88-9689-1531cfff52ca,1143,2025-03-04 09:35:38,2025-03-05 06:21:38
251,69d1ae79-b789-44bb-8d32-47a3d0502584,1620,2025-03-20 10:27:28,2025-03-21 04:22:28
252,85a7e996-98c5-4871-8ef6-05e0308c4fb3,923,2025-04-14 18:56:17,
253,414ecf02-40cf-4b47-8369-8917c4c82b2b,1206,2025-02-23 17:13:06,
254,41b419ca-1a2a-4a8e-a833-8ef37fe35f29,1165,2025-03-01 22:16:56,2025-03-02 19:09:56
255,ff701c3a-fbc3-4bfe-b110-6dd84437e4d3,1516,2025-01-19 02:49:48,2025-01-19 09:59:48
256,70607689-e13c-42d6-adeb-c7570a7c2c59,433,2025-04-10 15:23:10,2025-04-10 18:14:10
257,7737f7a7-db2c-4ffe-9a93-ffe7cf868c17,492,2025-03-28 20:58:44,2025-03-28 23:36:44
258,7737f7a7-db2c-4ffe-9a93-ffe7cf868c17,6,2025-04-08 17:01:57,2025-04-09 16:37:57
259,5b1f3387-b375-47a2-8af0-dd8db620e349,963,2025-02-20 20:33:39,2025-02-21 04:32:39
260,0c883237-c129-4a5f-a417-616910aa899c,1448,2025-02-02 15:02:30,2025-02-03 06:36:30
261,80dc7539-36dd-4bc1-9e74-cb6a51a42ce7,1408,2025-02-28 17:24:55,2025-03-01 02:30:55
262,d3552ef4-4005-49ff-92c4-b760e84d61e9,1621,2025-03-19 18:06:04,2025-03-20 16:45:04
263,3b2db945-aa93-43da-b637-dd64618202ce,406,2025-03-20 07:20:17,2025-03-21 02:00:17
264,8a7881fe-4140-4fd8-b2ef-6cf9b762957d,1327,2025-04-04 11:24:42,2025-04-04 20:33:42
265,71a57d0b-ae99-41db-aa3d-cbd25ca641ec,292,2025-01-23 21:01:22,2025-01-24 02:45:22
266,fb13c4ee-a0fb-41e1-96d8-cd814fd67609,630,2025-01-30 16:23:51,2025-01-31 11:53:51
267,32df6c31-3746-4577-8837-6d403ac53c2a,592,2025-03-31 18:49:01,2025-04-01 10:53:01
268,ea057652-a747-4ee9-809b-9de533cf79ba,623,2025-02-22 17:35:30,2025-02-23 02:57:30
269,bfbd8269-3207-47ab-a4c9-ec0e887ee883,1106,2025-02-03 01:23:03,2025-02-03 04:12:03
270,87dad815-bbd1-414b-919e-23e6a07c7239,82,2025-02-07 16:41:39,
271,7f1d8e4b-9381-415a-9621-d79f64d52043,661,2025-04-09 12:58:12,2025-04-09 13:55:12
272,1cb27402-ff2a-4df7-ad43-08b05479594c,469,2025-04-17 04:17:53,
273,ad099361-776f-4ad6-b70e-6207d562ab4a,1179,2025-03-22 15:12:49,2025-03-22 15:59:49
274,ddaabd69-5d02-40d2-9d6f-6d4267f26386,1377,2025-01-22 06:59:32,
275,3a22052f-3a0e-4cb8-9cc7-dbd1d9ee5b69,83,2025-04-15 21:39:39,2025-04-16 03:42:39
276,17bd1f60-3a63-4868-a5b3-a57287e94db8,1063,2025-01-31 06:40:59,2025-01-31 16:14:59
277,14dc2143-7022-48e6-8841-d98b696ab0c0,1199,2025-03-18 13:31:42,2025-03-19 06:23:42
278,92042eee-c8a6-4c98-927e-104732522675,187,2025-03-17 16:42:29,2025-03-18 06:43:29
279,2443cd79-4205-4edf-bcb3-58090a662d29,658,2025-03-23 13:10:13,2025-03-23 18:44:13
280,ea201dc3-8bdf-417e-a33e-dffc9e44d271,844,2025-03-20 01:24:38,2025-03-20 11:19:38
281,8984f430-f558-46ea-9d7e-83336a53990d,821,2025-02-26 16:12:07,
282,a81b540e-1864-430e-a0de-77c56568ef8d,76,2025-02-24 15:01:00,2025-02-25 01:50:00
283,a5234b3c-b5e0-4b0e-ab0d-7e8fdd0cffdf,663,2025-02-06 15:19:15,2025-02-07 05:11:15
284,ea723e7c-b265-4ced-b2ea-a1003668e63f,1054,2025-02-08 21:10:26,
285,ba2d835f-f85e-4283-b851-c1146575e8af,1347,2025-01-20 16:41:59,
286,8b430745-c316-4e09-977c-547f7b519270,847,2025-03-17 22:01:20,2025-03-18 15:47:20
287,b652b9ef-ac1b-484d-8b22-5d64fd3e1424,1276,2025-04-08 11:36:29,2025-04-09 09:01:29
288,4215aa6e-ea9a-4102-8557-91ab94228d75,1557,2025-04-15 04:25:03,2025-04-15 13:36:03
289,a81b540e-1864-430e-a0de-77c56568ef8d,269,2025-02-03 15:46:55,
290,15cf7f1a-9ac2-4486-81b2-6bec1fa2e8fc,1431,2025-04-17 00:02:32,2025-04-17 01:06:32
291,c855d334-2589-49f3-983a-048055eec0c7,1291,2025-02-11 11:57:19,2025-02-11 20:12:19
292,8f21e8ec-4e92-4237-84db-ae9fb5201288,325,2025-02-22 09:42:01,2025-02-22 10:15:01
293,d765cbd2-7b13-44e7-88d2-cdcaa7a39446,836,2025-04-11 02:54:28,2025-04-11 06:51:28
294,8b430745-c316-4e09-977c-547f7b519270,241,2025-02-26 10:00:57,2025-02-26 15:20:57
295,f34a26e4-85ce-4148-8094-ad764cee122e,1468,2025-02-21 20:40:10,2025-02-22 06:04:10
296,73dea7c2-1001-4c45-a0e9-f83063f66d73,989,2025-02-13 07:52:40,
297,17e2aa93-ac7c-47c5-bd89-fa69516881a1,936,2025-01-18 22:29:30,2025-01-19 11:39:30
298,29b62f78-b506-4211-b439-d552d9c6ce2c,1228,2025-02-11 09:28:46,2025-02-11 14:12:46
299,ea723e7c-b265-4ced-b2ea-a1003668e63f,143,2025-01-21 11:23:23,2025-01-22 01:37:23
300,dc014a6b-ee0e-4269-b44d-101f5bed1b48,1614,2025-03-02 08:39:31,2025-03-02 08:49:31
301,8c2dbd72-dc34-4f4d-a791-5507c347847b,1487,2025-03-17 14:40:14,2025-03-18 10:47:14
302,46d10e56-e31d-4e24-be37-cc97d1958680,1352,2025-03-22 00:31:06,2025-03-22 05:40:06
303,46f433a1-d07b-4193-8af6-ee8b1be79c70,1104,2025-03-17 05:10:42,2025-03-17 16:35:42
304,d765cbd2-7b13-44e7-88d2-cdcaa7a39446,1563,2025-01-30 00:24:58,2025-01-30 16:01:58
305,cfb96160-46d5-4102-ab36-b206b2562cfc,660,2025-04-06 14:41:38,
306,dc36f51e-fb40-4b2d-8f2d-6d1ea8672480,490,2025-02-21 22:03:24,2025-02-22 06:06:24
307,803e8d5f-58c5-48c0-b117-70f93351c6b1,1589,2025-02-14 08:12:28,2025-02-14 19:08:28
308,c68af5df-d55c-4c3a-b568-08091268358f,969,2025-04-06 19:00:03,2025-04-07 08:05:03
309,c93de1dd-ff77-4f14-a19e-9e81eae097c7,1360,2025-04-05 19:07:50,2025-04-06 17:27:50
310,1b1e1933-02f5-4563-84c6-c9e3ca318a9c,1015,2025-04-10 08:02:13,
311,80b18033-b5cd-4696-a8a5-7fe0c9e50e5d,1029,2025-01-24 11:05:18,
312,a763735a-924d-4b78-992f-e7a3d5456a50,206,2025-04-06 17:10:30,
313,e0d0734f-ebde-4a19-a59a-3037e218d791,205,2025-02-05 02:25:38,2025-02-05 18:05:38
314,5cf1fa61-9d31-4350-9b7e-d2ff839bedd0,1480,2025-03-25 21:36:33,2025-03-26 20:01:33
315,92042eee-c8a6-4c98-927e-104732522675,317,2025-03-04 13:39:24,2025-03-04 22:46:24
316,9ecbda14-4a54-435c-841d-91eca86dca1c,1277,2025-02-07 20:47:24,2025-02-08 19:02:24
317,cd5df7bc-64ae-44a6-87c9-869163d2bf70,673,2025-04-18 08:59:01,
318,7a95df83-f7dd-41c3-bc7e-d14060e585ab,1093,2025-02-03 11:38:03,2025-02-03 22:31:03
319,70607689-e13c-42d6-adeb-c7570a7c2c59,1472,2025-01-21 03:00:41,
320,6f6a86e8-ce37-426d-813b-eb6a9dd65ae9,1109,2025-01-30 00:43:55,2025-01-30 03:08:55
321,a6508bf4-0867-47c0-b887-51be219d6a22,1293,2025-02-01 19:07:44,2025-02-02 05:00:44
322,1b310631-6640-4136-a37f-365401c48783,1530,2025-04-12 17:48:41,2025-04-12 21:14:41
323,03530dfa-9b5f-473e-9b99-26123352eb6c,1298,2025-03-20 14:14:16,2025-03-20 17:44:16
324,b9bcd304-39e9-4b0b-be81-f1b7e39c71a8,341,2025-03-18 18:40:10,2025-03-18 19:44:10
325,c55fca61-be83-4909-8e94-e3ebe1d6c076,665,2025-02-22 07:31:27,2025-02-22 17:36:27
326,fafc26d1-8641-468f-a394-73aa7ed081dc,768,2025-02-08 11:59:10,2025-02-08 20:24:10
327,8bc57937-8a53-4fb5-a0e5-a4cd88434cb5,844,2025-01-27 16:40:30,2025-01-27 22:53:30
328,5fa94fe2-b959-4863-88cf-1ccda01ef412,359,2025-03-13 20:13:22,2025-03-14 09:21:22
329,29016ef3-1e16-4cb2-b6e2-057635ed8ef2,1400,2025-04-18 01:58:45,2025-04-18 21:57:45
330,50cea9b7-5054-4429-83ff-feb5393259ba,476,2025-02-19 07:27:52,2025-02-19 16:12:52
331,d5a00a4d-e03e-40b9-b730-01f3a29ad66a,523,2025-01-19 01:11:59,2025-01-19 17:08:59
332,99bb6701-2b6e-4210-bec2-7a2f7153b57a,590,2025-01-20 18:14:23,2025-01-20 23:42:23
333,bf3542d4-2861-4243-a523-65bf0a633da7,905,2025-02-15 23:53:07,
334,bf0e489d-0bb3-46db-8000-58950670443c,613,2025-01-31 01:18:37,2025-01-31 15:51:37
335,570da126-ff9c-4805-b4a1-26a643be644f,513,2025-02-07 02:08:34,2025-02-07 12:31:34
336,7d8a9290-046b-49fa-9d9a-9ab5fd3e1a29,788,2025-01-26 05:38:54,
337,36418a2e-0f00-4b33-8d68-d6e096603485,486,2025-03-24 02:55:46,2025-03-24 15:15:46
338,aefb8106-1f5a-48fb-8f8e-e3cd18c053dd,606,2025-03-11 05:56:47,
339,8e8a474d-e3d4-4569-b064-b420f101362e,45,2025-02-01 05:17:33,
340,ed8ce7b7-d438-4bbe-94be-482c1ef4c29e,811,2025-03-27 13:36:31,2025-03-28 09:00:31
341,ea723e7c-b265-4ced-b2ea-a1003668e63f,1405,2025-01-22 09:49:49,2025-01-22 11:34:49
342,06e8868c-e0a5-4214-9530-29b3423a0c89,1242,2025-04-02 05:24:41,2025-04-02 15:15:41
343,28023812-9e54-49c5-bfd8-1ca040490600,1637,2025-03-26 21:29:40,2025-03-27 09:35:40
344,edcd7411-ef85-41e2-92b2-dd75ad1cea98,1304,2025-04-11 13:42:48,2025-04-11 22:20:48
345,c2af7bab-a989-4468-aa85-835891e64a90,1548,2025-02-24 22:58:03,2025-02-25 21:33:03
346,66a0826e-66fc-4431-a66f-2dbc09641f53,281,2025-03-09 20:06:34,2025-03-10 17:36:34
347,66f7ac98-5a6e-4d21-8327-6a76fb65558f,81,2025-01-30 21:19:52,2025-01-31 12:26:52
348,b73cdcb4-3f36-46d6-908a-42297da7d90a,1187,2025-04-07 01:11:03,2025-04-07 05:45:03
349,1cb27402-ff2a-4df7-ad43-08b05479594c,605,2025-04-16 20:06:24,2025-04-17 10:21:24
350,abfde65e-184a-435b-9359-a8131eedacf0,412,2025-01-24 00:14:30,2025-01-24 18:43:30
351,59c435a2-dfdf-4a67-83e5-22d0cd4ace29,750,2025-02-16 20:16:29,2025-02-17 05:39:29
352,01d2289d-7787-47d3-bd28-11fae05e9d2f,337,2025-03-10 22:07:47,2025-03-11 14:38:47
353,7c5656bf-e747-4ea0-a2f1-0bdaf39ee624,1652,2025-04-13 12:41:46,2025-04-14 00:19:46
354,3b2db945-aa93-43da-b637-dd64618202ce,236,2025-01-30 16:58:31,2025-01-30 19:37:31
355,d09ec24e-19b4-40b4-8053-321266ae02c5,1545,2025-04-04 12:38:00,
356,eba17684-d15f-4728-9477-d223dcab893c,1386,2025-03-26 22:04:41,2025-03-27 11:42:41
357,7c5656bf-e747-4ea0-a2f1-0bdaf39ee624,1648,2025-01-21 18:48:07,2025-01-21 21:57:07
358,04bf92a2-9b08-4bb1-b43b-af9775d4353e,809,2025-03-14 15:18:18,2025-03-15 09:41:18
359,8d1ea9d1-59e4-4312-baa1-ffb050216737,932,2025-02-10 16:26:34,2025-02-11 15:27:34
360,7ecd615b-c4dc-474e-820a-385abedbb510,1198,2025-04-16 23:33:36,2025-04-17 21:25:36
361,e141dc61-b8c2-4889-8055-b7d85a0c2aac,761,2025-01-24 01:17:19,2025-01-24 09:20:19
362,f0b8f7f4-9f69-4845-bdf9-5cb3378e045a,52,2025-04-16 22:23:07,2025-04-17 17:37:07
363,af2b7783-386e-49a9-8eb8-711998185097,1250,2025-02-21 06:36:32,2025-02-21 08:50:32
364,769c617f-8e3a-4300-a576-b940cc2c9e08,1688,2025-02-16 11:48:19,2025-02-17 11:48:19
365,8a868900-e05e-4dcd-8ae1-5addd6ff6a05,1330,2025-03-11 03:35:06,2025-03-11 08:26:06
366,c55fca61-be83-4909-8e94-e3ebe1d6c076,77,2025-02-15 13:48:58,2025-02-16 06:41:58
367,1da49151-2d6b-4a30-afae-e97814c098b8,200,2025-03-28 10:39:28,2025-03-29 05:04:28
368,37780394-3700-4363-b8bb-7df49a28538b,796,2025-03-03 03:34:51,2025-03-04 02:32:51
369,3aff7d97-843b-4043-9c68-2594685936ef,1522,2025-02-08 17:50:28,2025-02-09 12:21:28
370,c5d0a0ac-56e8-4bc3-8e7b-10d3d966cd4e,1203,2025-04-17 11:36:53,2025-04-17 16:57:53
371,43dc2248-a20d-47e6-9557-91e6d1bb5622,850,2025-03-09 17:50:27,2025-03-10 10:37:27
372,9557d591-49d8-48e0-a72c-78907db512b3,836,2025-02-22 11:19:46,
373,921abdc9-1b94-4e15-a21d-b63f630c1495,68,2025-03-02 16:20:38,2025-03-02 23:49:38
374,b9bcd304-39e9-4b0b-be81-f1b7e39c71a8,911,2025-04-02 01:44:18,
375,796a9818-9ade-44de-ac6d-ca5257d050cf,743,2025-04-08 16:20:49,2025-04-09 15:49:49
376,afb6b357-f641-4b77-8845-fd6bf7517a85,1116,2025-03-06 18:05:27,
377,66f7ac98-5a6e-4d21-8327-6a76fb65558f,735,2025-03-17 21:06:14,2025-03-18 06:36:14
378,29b62f78-b506-4211-b439-d552d9c6ce2c,251,2025-03-03 00:44:46,
379,aa217581-1a82-4c30-b80e-9430fbf323d8,932,2025-04-14 13:08:23,2025-04-14 20:27:23
380,6716a5cf-389f-41c4-849b-91b07583d0cc,1310,2025-02-07 11:41:11,2025-02-07 12:29:11
381,f181aa39-804c-4722-a17a-020053595617,1612,2025-03-16 14:36:05,2025-03-16 18:58:05
382,d1bbdb7e-c6ff-454a-a26c-d97fef0b7e66,1157,2025-04-07 09:34:28,2025-04-08 04:34:28
383,5a5f2687-9394-4f39-8789-f07731d8ba9f,1201,2025-03-10 15:20:54,2025-03-10 23:22:54
384,ea201dc3-8bdf-417e-a33e-dffc9e44d271,1586,2025-04-01 07:03:18,2025-04-02 03:28:18
385,35372547-713e-47a3-bf6f-287405dd2002,568,2025-02-02 05:21:42,
386,dcd3cdcc-c434-4bc0-8015-36f0bfcc1b34,267,2025-02-13 22:13:38,2025-02-14 04:15:38
387,bc125ea2-6e28-47a4-b5a5-73ff46b55953,1354,2025-04-09 07:25:49,
388,d41bb559-c9af-4794-8adb-10730b5ebf10,31,2025-03-29 05:00:16,2025-03-29 13:12:16
389,4d738fb7-a218-41b2-8ab4-f0e634bdd8b7,664,2025-02-19 14:48:19,2025-02-19 23:56:19
390,54ede5c3-a8c0-4450-87ad-b7299295ea37,260,2025-03-21 13:50:26,2025-03-22 07:52:26
391,6d1040a0-14f8-4da1-a19f-8cc9bdde949e,1528,2025-03-25 15:17:55,2025-03-26 06:40:55
392,fe29a3ae-42f4-47c1-9318-0d78c215821f,742,2025-02-19 09:55:59,2025-02-19 13:43:59
393,ed1dedcd-89ca-469d-a741-c19dceb4c025,1032,2025-02-10 14:33:05,2025-02-11 11:37:05
394,8c91f81c-c4a3-465a-b0c3-4b268a20ba4a,1490,2025-03-10 17:17:09,2025-03-11 15:51:09
395,2fcac74f-86fa-4e78-bc78-b2858dd42f36,618,2025-04-09 04:43:34,2025-04-09 05:51:34
396,ec1ffcbd-8756-4963-97ea-0bf7172fa76c,981,2025-01-28 19:36:43,
397,83d95e36-1e78-4e01-b80f-dca9303c264a,1406,2025-02-24 00:13:15,2025-02-24 15:26:15
398,bf3542d4-2861-4243-a523-65bf0a633da7,166,2025-04-11 22:19:48,2025-04-12 03:27:48
399,3ed9d8e3-4600-47c8-b1ef-7d6cfa06ae19,259,2025-01-26 20:14:03,2025-01-27 17:55:03
400,179cb4b9-074b-45ed-b7a7-bc189d81f2e6,1124,2025-03-11 15:27:46,2025-03-12 04:32:46
401,69d1ae79-b789-44bb-8d32-47a3d0502584,1087,2025-02-02 20:23:55,2025-02-03 13:43:55
402,fef83c0d-b5e6-4989-b2b2-19fc0dbe742b,882,2025-03-06 19:30:11,2025-03-06 23:29:11
403,86142f38-c195-442c-ad8a-ad7e08f16514,1341,2025-02-01 17:39:41,2025-02-02 12:33:41
404,8d6fa5e1-d1fd-4139-bc20-4440bcf4fa3d,441,2025-04-12 01:55:19,2025-04-12 09:47:19
405,99a6ee70-4f14-4eba-9e8a-8597d672923b,695,2025-03-25 11:59:41,
406,34cee146-21d3-48f2-b3ac-25cb7f4b24b9,852,2025-02-05 20:35:13,2025-02-06 07:20:13
407,83d95e36-1e78-4e01-b80f-dca9303c264a,641,2025-04-02 20:50:58,2025-04-03 09:41:58
408,33bc3c07-34ba-4ebe-ae8f-c52794d853e3,313,2025-03-09 15:32:41,2025-03-10 07:48:41
409,0b1c0116-5ad1-404c-8397-028dd0b6ba75,187,2025-04-13 03:02:03,
410,af9f9ce0-1a24-4ac7-91fb-c1642fc941de,885,2025-02-01 00:45:09,2025-02-01 13:33:09
411,2e63670b-7544-4677-b194-7591c2fd299c,267,2025-03-02 00:19:32,2025-03-02 20:25:32
412,65026ba0-ecad-4027-8a96-00b8e40eeb67,1151,2025-02-14 06:35:54,2025-02-15 05:32:54
413,b2e17215-67b2-4a54-ae3a-74d4d0ef118d,842,2025-04-11 08:11:13,2025-04-12 06:58:13
414,e141dc61-b8c2-4889-8055-b7d85a0c2aac,1537,2025-01-31 09:25:20,2025-01-31 11:15:20
415,7c5656bf-e747-4ea0-a2f1-0bdaf39ee624,590,2025-03-16 14:31:43,2025-03-17 02:36:43
416,4cb62fb0-e79b-486f-802d-55ff6d5ac9ee,1184,2025-02-22 02:17:20,2025-02-22 07:38:20
417,2086f1d3-89ec-42dc-a51f-f440affc140c,988,2025-04-12 21:45:11,2025-04-13 01:31:11
418,15e8434a-9ad5-46cf-a3fa-103bc0b42d73,1140,2025-01-28 04:26:21,2025-01-28 14:01:21
419,7a9444d1-d9a6-4581-9cc1-ad6ccbb2c634,464,2025-03-08 14:26:00,
420,571ffabd-820a-4e75-ac8b-f4549613bb63,1149,2025-02-20 22:55:52,
421,e5537c42-2881-4c4f-bb1d-4c0170574651,1274,2025-02-05 13:17:53,2025-02-06 11:18:53
422,a2b4bce1-00f8-4e18-b849-406d436977ca,54,2025-04-13 04:09:34,2025-04-14 02:41:34
423,c4aa1dff-282e-4148-b20a-45e39e395822,1421,2025-02-22 19:18:02,2025-02-23 01:32:02
424,b0019258-a879-4868-8e12-9cd66e3398cf,1440,2025-02-23 01:48:33,2025-02-23 13:28:33
425,15e8434a-9ad5-46cf-a3fa-103bc0b42d73,13,2025-03-22 09:29:57,2025-03-22 14:27:57
426,61c78e0d-98f5-4a19-9e05-11eac9d819bf,1347,2025-03-04 23:16:22,2025-03-05 04:11:22
427,35a853a9-9165-411e-9db9-34337cf52bcc,1297,2025-03-26 04:28:07,
428,1cb27402-ff2a-4df7-ad43-08b05479594c,1529,2025-02-28 06:52:35,2025-02-28 19:47:35
429,c5d0a0ac-56e8-4bc3-8e7b-10d3d966cd4e,930,2025-04-03 18:33:30,2025-04-04 07:15:30
430,47ce280a-437c-44e2-935f-fac6905d41d8,1478,2025-03-10 21:00:49,2025-03-11 16:27:49
431,69d1ae79-b789-44bb-8d32-47a3d0502584,174,2025-04-04 16:32:55,
432,4b57766a-db06-432e-af32-2e4d118e7407,323,2025-03-10 16:32:40,2025-03-10 18:18:40
433,a4d327c3-5c32-4fcc-877c-c5e9b8cfea4e,168,2025-03-23 20:07:49,2025-03-24 18:47:49
434,1670aa16-c47d-42f0-b2ff-f51f5498e46f,995,2025-03-29 21:36:44,2025-03-30 11:49:44
435,b0019258-a879-4868-8e12-9cd66e3398cf,442,2025-01-26 07:41:53,2025-01-26 11:39:53
436,d914b16d-50f2-4983-addc-39316e5b285a,881,2025-02-20 07:11:55,2025-02-21 06:24:55
437,c2af7bab-a989-4468-aa85-835891e64a90,1215,2025-04-16 12:24:46,2025-04-17 11:15:46
438,8d4379db-c640-4b52-8def-eef209c39ca7,94,2025-02-20 11:38:09,2025-02-21 08:10:09
439,30fe7141-8d99-4727-967f-0607fcc40681,16,2025-03-17 01:52:11,2025-03-17 09:09:11
440,1332ee00-180e-4e37-887d-08e1070eb935,282,2025-01-22 14:34:33,2025-01-23 00:31:33
441,af2b7783-386e-49a9-8eb8-711998185097,246,2025-02-11 06:48:26,2025-02-11 21:34:26
442,abfde65e-184a-435b-9359-a8131eedacf0,265,2025-01-23 19:58:48,2025-01-24 03:54:48
443,bfbd8269-3207-47ab-a4c9-ec0e887ee883,1145,2025-03-09 11:04:33,
444,fa51a4d5-2e77-420b-b3bc-35a3631947b6,726,2025-01-30 15:46:53,2025-01-30 17:17:53
445,b60b299a-b7c3-4b3f-b9c1-035c207ae784,39,2025-03-15 11:16:46,2025-03-15 14:00:46
446,d44b843c-4b18-46cf-9756-5db3d4a1b2c5,642,2025-02-28 17:10:26,2025-03-01 12:49:26
447,26c04950-5717-4768-b3fc-fd7df605aa9c,1454,2025-03-30 07:11:50,2025-03-30 17:08:50
448,6d1040a0-14f8-4da1-a19f-8cc9bdde949e,830,2025-03-30 04:22:31,2025-03-30 15:32:31
449,5fa94fe2-b959-4863-88cf-1ccda01ef412,1642,2025-04-11 09:12:45,
450,d5a00a4d-e03e-40b9-b730-01f3a29ad66a,1413,2025-04-09 06:21:42,
451,98490c68-67db-4ad4-8744-8c23404a6772,895,2025-03-19 21:02:29,
452,17e2aa93-ac7c-47c5-bd89-fa69516881a1,893,2025-02-19 12:05:39,2025-02-20 06:03:39
453,ac4e1350-d425-4065-9779-2b8da519c3e8,811,2025-04-10 15:54:32,
454,c68af5df-d55c-4c3a-b568-08091268358f,696,2025-02-17 01:48:32,2025-02-17 07:37:32
455,921603fe-dc4e-4ff1-82f1-ecf20b8a48fb,1046,2025-02-13 01:02:16,2025-02-13 19:13:16
456,7747ea50-e627-4e93-914e-c95b1de3a9a0,398,2025-03-31 15:22:40,
457,67ff1b9f-7442-4a18-89a3-be24889d8cdc,720,2025-03-08 08:17:34,2025-03-09 06:23:34
458,824865e6-5d24-4ff6-8ea0-63bb2c67494b,303,2025-03-03 15:41:12,2025-03-03 20:45:12
459,ed1928e5-9bd3-4c80-9800-690a9d5530b0,405,2025-02-25 06:21:24,2025-02-25 11:39:24
460,03530dfa-9b5f-473e-9b99-26123352eb6c,1555,2025-01-28 15:44:05,2025-01-28 21:51:05
461,a1b32421-73b3-4d4d-8870-43d0de8dace1,1583,2025-03-25 04:20:31,2025-03-25 20:15:31
462,cca894f1-8b5f-4d5e-a700-e2258c37c218,1155,2025-04-06 05:17:00,2025-04-06 20:41:00
463,66a0826e-66fc-4431-a66f-2dbc09641f53,1157,2025-02-20 11:57:13,2025-02-21 09:21:13
464,74ec7d15-f1d5-492b-b13b-482c21b74887,1285,2025-01-20 01:41:55,2025-01-20 16:46:55
465,0b1c0116-5ad1-404c-8397-028dd0b6ba75,961,2025-04-08 16:21:10,2025-04-09 02:46:10
466,fb329ae3-57b6-47f2-96ed-9108f4aa1228,563,2025-03-28 10:10:13,2025-03-28 22:15:13
467,20d5bf28-2f88-4fbf-bf73-3ae54ba12572,152,2025-04-02 15:03:59,2025-04-03 06:33:59
468,4143da2f-4cd6-401c-95dc-3956931c2818,117,2025-02-16 04:27:50,2025-02-16 14:19:50
469,921603fe-dc4e-4ff1-82f1-ecf20b8a48fb,1321,2025-03-09 09:12:15,
470,796a9818-9ade-44de-ac6d-ca5257d050cf,185,2025-03-13 10:51:22,2025-03-14 04:14:22
471,9830e432-8c63-44e8-a04a-01d26667c06b,948,2025-02-14 23:27:43,2025-02-15 00:56:43
472,07ed9338-dcb3-4ebf-87f2-115a133a121f,1659,2025-03-16 10:37:07,2025-03-16 17:07:07
473,d3e3ded4-69f9-4f4e-88e4-2a16806273b3,1240,2025-03-31 10:02:28,2025-03-31 15:15:28
474,6d52925c-a5d0-464a-87f8-4f47779f9a7b,127,2025-01-29 19:15:53,2025-01-30 07:03:53
475,a03c3b65-409e-4d63-a052-e329ca0e8e22,173,2025-04-14 12:40:16,2025-04-14 18:38:16
476,36a1e8cc-caf3-4ebb-be66-e53cea06d23a,508,2025-03-28 20:23:58,2025-03-29 11:27:58
477,70fe5439-4312-47ec-bcac-c79501d24fa4,1071,2025-04-10 16:42:10,2025-04-11 05:12:10
478,15b59b61-6359-412c-b512-9698722c6cf7,580,2025-02-19 05:05:35,2025-02-19 16:42:35
479,c2af7bab-a989-4468-aa85-835891e64a90,1225,2025-03-31 04:32:58,2025-04-01 02:09:58
480,f78bf1c1-ac15-47e3-80f4-91a503349f81,686,2025-01-21 13:56:48,2025-01-21 17:14:48
481,a2b4bce1-00f8-4e18-b849-406d436977ca,1390,2025-03-09 04:21:45,2025-03-09 13:02:45
482,5f4d3e34-b5b2-4f45-a01b-c630ce7628f9,1345,2025-03-15 04:06:18,
483,6749de8d-8301-46f6-b9e5-cb20eebe508e,308,2025-01-31 20:26:06,2025-02-01 16:24:06
484,8984f430-f558-46ea-9d7e-83336a53990d,290,2025-03-23 03:52:28,
485,6cc31b4a-45ee-4e4b-bc70-1e2ad73d5f9a,1344,2025-02-12 09:54:19,2025-02-12 23:21:19
486,a38a6573-e727-413a-9022-aab2a37301de,1219,2025-02-15 14:19:59,2025-02-15 17:17:59
487,6cc31b4a-45ee-4e4b-bc70-1e2ad73d5f9a,1145,2025-02-27 03:53:28,2025-02-27 15:10:28
488,acb456d3-3945-474b-8e38-b2d46eae629c,262,2025-03-28 17:42:55,2025-03-29 17:10:55
489,d092e7b5-ce02-4117-b0e0-8b473cad907c,1079,2025-02-15 19:51:53,2025-02-16 18:49:53
490,3a480b9d-e5a7-450b-bb6e-3ec1e87f5087,1042,2025-01-22 14:41:53,2025-01-23 03:08:53
491,6cc31b4a-45ee-4e4b-bc70-1e2ad73d5f9a,370,2025-02-10 16:00:27,
492,dc014a6b-ee0e-4269-b44d-101f5bed1b48,1570,2025-04-17 16:48:32,2025-04-18 00:36:32
493,8b370113-d857-4a2c-a18a-aac95f704528,318,2025-02-19 21:37:40,2025-02-20 01:09:40
494,20d5bf28-2f88-4fbf-bf73-3ae54ba12572,1579,2025-01-21 05:21:21,2025-01-21 23:24:21
495,4143da2f-4cd6-401c-95dc-3956931c2818,1356,2025-03-02 16:42:15,2025-03-03 13:52:15
496,d41bb559-c9af-4794-8adb-10730b5ebf10,1224,2025-04-11 05:12:32,2025-04-11 10:49:32
497,14dc2143-7022-48e6-8841-d98b696ab0c0,1419,2025-02-27 17:17:35,2025-02-27 23:01:35
498,8d6fa5e1-d1fd-4139-bc20-4440bcf4fa3d,897,2025-03-17 10:58:59,2025-03-17 23:29:59
499,6e4eb84f-d6a9-4899-bf90-96f496132301,1474,2025-02-22 16:26:49,2025-02-23 07:40:49
500,41500063-9b64-44b5-bfc7-b5812748433e,584,2025-02-21 06:47:40,2025-02-21 22:11:40
501,bd9ba96b-f9f1-46b0-89fb-75a06a1d95f8,1094,2025-04-04 17:30:30,2025-04-05 09:35:30
502,b997f6ec-8f24-4dd2-816c-639ba5bf82d8,398,2025-02-21 19:54:23,2025-02-22 15:27:23
503,e0d0734f-ebde-4a19-a59a-3037e218d791,946,2025-03-18 00:12:22,2025-03-18 13:19:22
504,d2ef5ed9-7e76-47b7-bdfc-ec1cc1d78eda,1081,2025-03-27 08:54:55,2025-03-27 14:30:55
505,90df1628-914f-43b4-a30f-6963cc667991,409,2025-04-06 06:57:07,
506,8b370113-d857-4a2c-a18a-aac95f704528,513,2025-04-03 17:35:27,2025-04-04 10:04:27
507,e290b957-6c9e-4bcd-a869-0c6d7e27ca2c,761,2025-02-08 01:06:00,2025-02-08 04:41:00
508,39bbfd70-f01e-4c07-b9d0-832fb5d79e8e,1057,2025-02-23 09:07:13,
509,5bfbc0fe-49c7-4370-b785-e0070c641777,172,2025-04-12 05:08:14,2025-04-12 14:31:14
510,07ed9338-dcb3-4ebf-87f2-115a133a121f,1052,2025-02-19 22:06:21,2025-02-20 13:06:21
511,1cb27402-ff2a-4df7-ad43-08b05479594c,455,2025-03-08 23:25:42,
512,42605e08-9e78-409e-a290-129a63228db2,716,2025-03-09 05:11:54,
513,73dea7c2-1001-4c45-a0e9-f83063f66d73,110,2025-01-26 04:17:22,2025-01-26 17:07:22
514,a6508bf4-0867-47c0-b887-51be219d6a22,791,2025-04-12 00:09:04,
515,630ee896-63e6-47a2-8230-a8901ef736ef,460,2025-01-24 15:28:23,2025-01-24 18:55:23
516,cef1a123-a016-469f-b4a2-54077fc779be,1464,2025-03-08 22:13:51,2025-03-09 03:17:51
517,8b370113-d857-4a2c-a18a-aac95f704528,79,2025-04-02 02:04:35,2025-04-02 18:16:35
518,8556bc95-f772-496b-9cca-83e91771490a,285,2025-03-28 17:37:22,2025-03-29 09:42:22
519,cc7d0df2-a403-4ac1-b2c7-0488e8a55fbd,1261,2025-01-31 15:28:52,2025-01-31 18:15:52
520,cb8275f1-6e45-4608-bde1-57367bfdf54a,525,2025-03-24 02:20:15,2025-03-24 07:31:15
521,22e234bf-b597-4341-8004-496ac6f25b9c,1490,2025-02-02 10:26:50,2025-02-03 00:57:50
522,bc125ea2-6e28-47a4-b5a5-73ff46b55953,1590,2025-03-02 23:44:04,2025-03-03 10:05:04
523,b2e17215-67b2-4a54-ae3a-74d4d0ef118d,98,2025-03-02 05:05:57,2025-03-03 02:58:57
524,921887aa-9a50-4b59-a89e-d739ccfcc304,1276,2025-04-03 23:07:23,2025-04-04 02:59:23
525,ad099361-776f-4ad6-b70e-6207d562ab4a,1024,2025-02-19 15:20:04,2025-02-19 15:58:04
526,bce0c907-e0dd-4aee-b119-dcd9bb5997d6,1056,2025-02-16 18:06:16,2025-02-16 23:05:16
527,67aaaf94-1f58-43c5-84d4-73cc0181bad1,880,2025-03-03 00:38:47,2025-03-03 12:45:47
528,6de852e4-12cc-4134-b175-10ac5edf87da,1169,2025-04-03 03:43:27,2025-04-04 02:28:27
529,ca5a8ae8-b554-4048-82ec-f21c6d39b326,176,2025-04-09 19:51:56,2025-04-10 08:14:56
530,0b1c0116-5ad1-404c-8397-028dd0b6ba75,1078,2025-03-03 12:17:32,2025-03-04 05:41:32
531,f0c90c94-e602-45e4-b63d-44134ba8221c,42,2025-03-20 13:22:32,2025-03-21 05:29:32
532,8c91f81c-c4a3-465a-b0c3-4b268a20ba4a,1302,2025-03-07 20:16:50,2025-03-08 09:05:50
533,a5234b3c-b5e0-4b0e-ab0d-7e8fdd0cffdf,1531,2025-03-07 12:08:31,2025-03-07 14:31:31
534,d914b16d-50f2-4983-addc-39316e5b285a,494,2025-02-13 23:39:29,2025-02-14 21:10:29
535,4cb62fb0-e79b-486f-802d-55ff6d5ac9ee,1581,2025-02-23 18:03:37,2025-02-24 05:28:37
536,85690625-5058-4d61-9f64-3c0d4d7d9c5e,91,2025-03-15 09:30:01,2025-03-15 21:08:01
537,acb456d3-3945-474b-8e38-b2d46eae629c,1317,2025-04-13 11:16:58,2025-04-14 10:43:58
538,4dc1b367-dfb5-4f86-b06d-c0d526b07bc1,1425,2025-02-05 02:14:19,2025-02-05 08:32:19
539,2e63670b-7544-4677-b194-7591c2fd299c,277,2025-02-23 13:00:43,2025-02-24 04:42:43
540,f61c1661-6f71-49ba-ab20-a590459b3fa5,601,2025-02-15 04:27:53,2025-02-15 11:20:53
541,43dc2248-a20d-47e6-9557-91e6d1bb5622,86,2025-04-14 00:06:31,2025-04-14 10:46:31
542,06764712-8db4-4491-afc2-cda8c1d9a1f3,816,2025-03-28 08:50:48,
543,5c22e9c1-8e31-4a5e-a3d8-bdcce94b5574,970,2025-01-30 00:43:30,2025-01-30 22:52:30
544,29b62f78-b506-4211-b439-d552d9c6ce2c,586,2025-01-30 21:02:31,2025-01-30 22:44:31
545,69251436-dafb-46a7-be2c-082231cdda4b,1343,2025-02-08 16:14:04,2025-02-08 20:33:04
546,61a4c348-06d9-42cf-ac11-346ba956ca17,754,2025-03-09 13:26:05,2025-03-10 03:10:05
547,6cd65311-8f1a-45c4-89ce-e1785c62a247,901,2025-03-03 01:27:37,
548,c93de1dd-ff77-4f14-a19e-9e81eae097c7,695,2025-02-02 00:45:25,
549,b3c8100a-c46a-4444-b694-bac06ac14433,1418,2025-04-11 07:11:40,2025-04-12 00:59:40
550,26909126-c9bc-4d2c-addf-76ae0f3fd2c8,1641,2025-02-15 15:09:05,2025-02-16 05:43:05
551,ac4e1350-d425-4065-9779-2b8da519c3e8,882,2025-03-31 03:32:22,2025-03-31 09:46:22
552,5f153b2b-1a4c-4d23-b088-75879aab5c3c,602,2025-03-16 14:19:34,2025-03-16 17:07:34
553,af2b7783-386e-49a9-8eb8-711998185097,1354,2025-04-07 11:38:15,2025-04-08 02:56:15
554,6749de8d-8301-46f6-b9e5-cb20eebe508e,1470,2025-04-07 09:44:31,2025-04-08 09:21:31
555,b9bcd304-39e9-4b0b-be81-f1b7e39c71a8,720,2025-02-11 17:37:18,2025-02-12 05:44:18
556,20a801b8-83d5-4363-b837-15bfeb1679f4,891,2025-03-06 11:21:58,2025-03-06 13:23:58
557,3d5fd707-2659-485b-8ec9-37c652c8627c,1375,2025-03-17 12:05:27,2025-03-18 00:34:27
558,8e9e053a-adf7-4cd2-86c1-466cf851bd78,1641,2025-03-05 06:01:42,2025-03-05 11:33:42
559,a1b32421-73b3-4d4d-8870-43d0de8dace1,64,2025-03-19 09:40:07,2025-03-20 06:29:07
560,c2af7bab-a989-4468-aa85-835891e64a90,1601,2025-01-22 08:47:39,2025-01-22 13:10:39
561,0b1c0116-5ad1-404c-8397-028dd0b6ba75,484,2025-01-20 06:40:15,2025-01-20 19:15:15
562,b652b9ef-ac1b-484d-8b22-5d64fd3e1424,785,2025-03-07 12:50:24,
563,c0506c08-599e-4787-891a-bb0c03b4e4d4,1240,2025-01-24 15:45:19,2025-01-25 07:11:19
564,24228f6c-e126-419a-bcf3-c36acd5ab971,760,2025-03-28 15:02:04,2025-03-28 17:44:04
565,7a9444d1-d9a6-4581-9cc1-ad6ccbb2c634,282,2025-02-15 07:08:48,2025-02-15 20:48:48
566,07a367aa-5a36-4f40-a012-73d790e7f085,1331,2025-04-13 11:56:58,2025-04-13 15:53:58
567,c56afa5b-f00d-4347-aa50-8c374aea2c81,1507,2025-02-19 18:07:39,2025-02-20 11:52:39
568,a684ffed-7bad-4bc6-a9be-9492acd4d717,1151,2025-04-15 07:09:15,2025-04-15 16:07:15
569,63884e94-df77-40c3-8772-650a1e4c4c48,914,2025-02-22 23:36:55,2025-02-23 20:34:55
570,16cc39dd-29cc-4ab0-9801-f60407e53b1e,1422,2025-03-17 20:44:12,
571,739fe470-7935-4bae-8101-dec75c93408a,410,2025-02-15 05:14:57,2025-02-15 07:50:57
572,ed1dedcd-89ca-469d-a741-c19dceb4c025,354,2025-03-12 18:34:28,
573,b9bcd304-39e9-4b0b-be81-f1b7e39c71a8,180,2025-04-09 09:59:37,
574,7c5656bf-e747-4ea0-a2f1-0bdaf39ee624,655,2025-02-17 18:36:18,2025-02-17 20:53:18
575,a81b540e-1864-430e-a0de-77c56568ef8d,1111,2025-03-14 21:18:21,2025-03-15 07:37:21
576,10160de4-c11b-4ce1-ab8b-bd138ce043e7,323,2025-03-26 10:07:33,2025-03-27 10:06:33
577,b91a44cd-78ba-4052-b5b7-87a44f457b51,357,2025-03-31 04:49:23,2025-03-31 22:15:23
578,278d47d2-62a6-4f49-9948-1c348e4079cc,249,2025-02-28 00:28:23,
579,fb13c4ee-a0fb-41e1-96d8-cd814fd67609,285,2025-03-04 11:10:21,2025-03-05 04:06:21
580,c56afa5b-f00d-4347-aa50-8c374aea2c81,740,2025-04-15 15:43:53,2025-04-16 04:23:53
581,ee392fb7-6d55-421b-9d60-bb3aed8f75ba,1646,2025-02-13 08:50:36,
582,a38a6573-e727-413a-9022-aab2a37301de,1254,2025-04-18 03:27:53,
583,3ed9d8e3-4600-47c8-b1ef-7d6cfa06ae19,634,2025-03-29 11:50:59,2025-03-30 04:15:59
584,61336c44-6f65-4ef6-b90a-6959658ecb2a,842,2025-04-10 17:02:28,2025-04-11 12:44:28
585,bf3542d4-2861-4243-a523-65bf0a633da7,257,2025-04-15 06:55:51,
586,6716a5cf-389f-41c4-849b-91b07583d0cc,152,2025-01-28 20:52:53,2025-01-29 20:09:53
587,3fe11115-fc22-49c7-8bca-bfe154c4321c,706,2025-03-01 23:49:38,2025-03-02 18:43:38
588,01a1f7da-417e-4ecb-bf12-12f2dbc6d4a9,1204,2025-03-01 00:30:47,2025-03-01 04:59:47
589,49c4869a-3add-4e25-9fa9-3fb9d44e6215,1030,2025-01-31 11:54:37,
590,30fe7141-8d99-4727-967f-0607fcc40681,255,2025-02-06 19:09:09,2025-02-07 05:36:09
591,4b9276cb-9905-41c2-9732-a2d6cef4950c,332,2025-03-25 10:15:16,2025-03-25 18:01:16
592,a089acda-c2d7-4b23-acaa-e9bd30c6dff3,1063,2025-03-14 08:22:17,
593,b01796d2-8d44-41c0-8225-97ce68035617,162,2025-02-20 17:23:40,2025-02-21 15:08:40
594,65026ba0-ecad-4027-8a96-00b8e40eeb67,1129,2025-04-05 03:22:59,2025-04-06 00:47:59
595,9c769b42-b119-4692-934b-e397b3937d02,1259,2025-02-28 13:47:56,2025-03-01 07:01:56
596,6716a5cf-389f-41c4-849b-91b07583d0cc,346,2025-03-23 14:33:21,2025-03-24 10:27:21
597,07fa88fb-e260-439d-a03f-a5f2fdd42222,351,2025-04-10 17:02:48,2025-04-11 13:46:48
598,9e60aed2-aa47-42ff-a4a0-93194e17b2ab,1155,2025-03-07 01:28:01,2025-03-07 02:31:01
599,cd5df7bc-64ae-44a6-87c9-869163d2bf70,94,2025-01-30 00:35:14,
600,f78e7361-8693-4b96-8ed5-b24555957d5f,1182,2025-02-02 13:55:48,2025-02-02 21:11:48
601,1332ee00-180e-4e37-887d-08e1070eb935,1172,2025-02-19 15:41:59,2025-02-20 13:34:59
602,1b815737-8f29-429f-b318-2320a374c6a4,1020,2025-02-22 23:12:32,
603,5f153b2b-1a4c-4d23-b088-75879aab5c3c,594,2025-03-16 12:45:43,2025-03-16 23:08:43
604,580383d6-688c-4566-b932-520a29a1c842,502,2025-02-09 01:57:20,
605,5a314851-8b07-4443-85ee-15b3e32f8cf9,832,2025-02-20 23:25:21,2025-02-21 01:59:21
606,ea057652-a747-4ee9-809b-9de533cf79ba,123,2025-04-16 03:57:50,2025-04-16 18:13:50
607,580383d6-688c-4566-b932-520a29a1c842,952,2025-01-21 12:36:10,2025-01-22 09:23:10
608,50cea9b7-5054-4429-83ff-feb5393259ba,641,2025-02-04 00:13:31,
609,e9669f6c-e89f-4c90-9421-61da55194b8a,1504,2025-04-04 00:25:33,
610,d914b16d-50f2-4983-addc-39316e5b285a,817,2025-03-03 08:30:39,2025-03-03 21:13:39
611,06764712-8db4-4491-afc2-cda8c1d9a1f3,1151,2025-03-01 11:07:31,2025-03-01 19:27:31
612,18bf4a71-2609-4490-819e-83150b8dcc73,251,2025-03-03 00:00:07,2025-03-03 08:32:07
613,d09ec24e-19b4-40b4-8053-321266ae02c5,199,2025-02-13 05:00:44,2025-02-13 18:11:44
614,ea723e7c-b265-4ced-b2ea-a1003668e63f,1261,2025-03-20 05:10:22,2025-03-20 10:42:22
615,acb456d3-3945-474b-8e38-b2d46eae629c,671,2025-03-30 21:53:35,
616,8d6fa5e1-d1fd-4139-bc20-4440bcf4fa3d,641,2025-04-05 10:42:22,2025-04-05 16:13:22
617,f34a26e4-85ce-4148-8094-ad764cee122e,1055,2025-01-20 15:30:48,2025-01-21 02:06:48
618,b3c8100a-c46a-4444-b694-bac06ac14433,48,2025-02-24 02:12:59,2025-02-24 15:42:59
619,4f91a9ce-5087-4a24-a62b-0255a06017e4,937,2025-02-16 20:40:10,
620,fdf56e9f-f194-4f6c-8d5a-7f30aa6cf97b,1195,2025-01-30 15:45:41,2025-01-30 17:33:41
621,8c2dbd72-dc34-4f4d-a791-5507c347847b,1014,2025-04-04 13:44:35,2025-04-05 12:08:35
622,4ca32449-e803-444a-82d7-049dd9b98cfa,964,2025-02-02 15:51:22,2025-02-02 16:12:22
623,b01796d2-8d44-41c0-8225-97ce68035617,221,2025-04-17 02:24:02,2025-04-17 11:30:02
624,7fe8730e-3f2a-4c49-9f66-f6b712c09c2f,750,2025-04-03 22:45:34,2025-04-04 11:19:34
625,c55fca61-be83-4909-8e94-e3ebe1d6c076,821,2025-02-02 11:36:45,2025-02-03 06:51:45
626,b723b226-e83c-40f3-8ef9-d4efd9800e46,743,2025-03-07 06:41:12,2025-03-07 09:16:12
627,c93de1dd-ff77-4f14-a19e-9e81eae097c7,1033,2025-02-01 22:45:15,2025-02-02 17:36:15
628,921abdc9-1b94-4e15-a21d-b63f630c1495,1691,2025-03-25 14:26:18,
629,66a0826e-66fc-4431-a66f-2dbc09641f53,1252,2025-03-06 11:42:39,2025-03-06 15:05:39
630,af0e8d04-d24f-4357-bdb6-db75befa9c6d,765,2025-02-26 04:46:24,2025-02-26 16:25:24
631,a2b4bce1-00f8-4e18-b849-406d436977ca,749,2025-02-22 14:53:51,2025-02-22 21:45:51
632,6749de8d-8301-46f6-b9e5-cb20eebe508e,1043,2025-02-06 18:50:28,2025-02-06 20:17:28
633,c55fca61-be83-4909-8e94-e3ebe1d6c076,80,2025-04-06 19:24:32,2025-04-07 06:51:32
634,3b2db945-aa93-43da-b637-dd64618202ce,971,2025-01-24 17:13:20,2025-01-24 22:23:20
635,217e52e6-e1f5-4571-8f1a-7d16ee2dc2a1,1056,2025-02-15 02:29:44,2025-02-15 23:29:44
636,e9669f6c-e89f-4c90-9421-61da55194b8a,333,2025-04-07 22:49:37,2025-04-08 19:56:37
637,79eaed2a-7e0c-44e3-8508-e1466d7bc369,613,2025-02-23 08:04:27,2025-02-24 01:27:27
638,c4aa1dff-282e-4148-b20a-45e39e395822,1044,2025-01-29 14:42:50,2025-01-30 09:59:50
639,6835b9c6-cea9-4194-8bd6-ce75bf454da8,973,2025-03-26 22:48:22,
640,afb6b357-f641-4b77-8845-fd6bf7517a85,679,2025-03-20 13:26:40,2025-03-21 03:44:40
641,d78d54c1-6ea0-47a7-9f49-e4572a2509c0,631,2025-02-07 05:35:32,2025-02-08 05:09:32
642,4fec20b0-fb06-4272-9e1e-ece0af8e1eb7,55,2025-02-14 10:49:58,2025-02-14 19:57:58
643,7c5656bf-e747-4ea0-a2f1-0bdaf39ee624,1343,2025-01-28 15:30:47,2025-01-29 11:19:47
644,3a22052f-3a0e-4cb8-9cc7-dbd1d9ee5b69,467,2025-03-07 19:46:34,2025-03-08 15:46:34
645,911ddf90-ae5a-4d3c-8dd4-27760aea1ae2,350,2025-04-16 15:03:55,2025-04-17 12:17:55
646,f8c93397-69a6-45f6-b2e5-307dbfd79d5f,779,2025-03-21 11:14:31,2025-03-22 10:33:31
647,17e2aa93-ac7c-47c5-bd89-fa69516881a1,65,2025-04-08 03:41:33,2025-04-09 03:40:33
648,bc125ea2-6e28-47a4-b5a5-73ff46b55953,391,2025-01-23 10:09:53,2025-01-23 20:56:53
649,c5d0a0ac-56e8-4bc3-8e7b-10d3d966cd4e,311,2025-01-24 01:12:37,2025-01-24 08:14:37
650,85c1480e-d640-4804-bec0-807e522ef656,1028,2025-02-20 12:53:14,2025-02-21 05:03:14
651,d6f3c4dc-6546-4a62-bd70-c952267f59bc,1507,2025-02-15 02:14:29,2025-02-15 07:01:29
652,3afb9430-5d92-4083-961e-edeb4073b164,425,2025-02-23 00:25:42,2025-02-23 23:06:42
653,f5ca0a0f-03f7-4276-a734-6b261beaa75a,1077,2025-02-20 06:50:27,2025-02-20 12:49:27
654,d5a00a4d-e03e-40b9-b730-01f3a29ad66a,1092,2025-03-13 13:50:02,2025-03-14 02:00:02
655,6e4eb84f-d6a9-4899-bf90-96f496132301,1582,2025-02-10 23:46:23,
656,66a0826e-66fc-4431-a66f-2dbc09641f53,1318,2025-04-05 08:32:29,
657,22ba7c45-ea4f-4c3b-b87c-142d94afe8b9,1250,2025-02-15 18:15:19,2025-02-16 02:44:19
658,b4325034-952a-47ff-a1a8-39620529759d,1143,2025-02-21 21:59:34,2025-02-22 08:13:34
659,f78e7361-8693-4b96-8ed5-b24555957d5f,592,2025-02-22 03:42:42,2025-02-23 03:20:42
660,63884e94-df77-40c3-8772-650a1e4c4c48,1002,2025-03-20 01:29:43,2025-03-20 13:28:43
661,ce2622a3-03e5-4d74-9f2d-0d95d1ac8431,1629,2025-02-20 06:25:33,2025-02-20 16:19:33
662,b2e17215-67b2-4a54-ae3a-74d4d0ef118d,1175,2025-04-14 19:33:24,2025-04-15 08:35:24
663,093c7786-a5d4-4c65-91d8-ed0cdd1096b3,809,2025-04-09 06:51:07,
664,33bc3c07-34ba-4ebe-ae8f-c52794d853e3,1584,2025-02-22 22:04:59,
665,6c14cf57-cae8-42d3-b797-4bebd7b140e2,87,2025-04-18 07:12:51,2025-04-18 09:58:51
666,a089acda-c2d7-4b23-acaa-e9bd30c6dff3,906,2025-03-01 20:56:55,2025-03-02 13:22:55
667,0a95d1e1-43e3-4297-8ef1-3f66c58c1950,414,2025-04-06 10:26:23,
668,999bc180-5741-4749-a9a9-fb2cd0e4fd8a,1152,2025-02-05 19:31:23,2025-02-06 00:17:23
669,70f8c810-4272-4442-a701-24c57a18b38f,1261,2025-01-30 13:40:01,2025-01-30 21:55:01
670,17e2aa93-ac7c-47c5-bd89-fa69516881a1,104,2025-02-28 18:54:00,2025-03-01 13:06:00
671,8a7881fe-4140-4fd8-b2ef-6cf9b762957d,1307,2025-03-13 19:47:50,2025-03-13 23:17:50
672,99a6ee70-4f14-4eba-9e8a-8597d672923b,677,2025-03-24 01:12:24,2025-03-24 04:42:24
673,66a0826e-66fc-4431-a66f-2dbc09641f53,1579,2025-02-08 11:15:31,2025-02-09 06:07:31
674,4d8dba8d-6138-4cfd-99d0-5cf068368237,324,2025-02-07 09:16:18,2025-02-08 01:35:18
675,f5ca0a0f-03f7-4276-a734-6b261beaa75a,1333,2025-02-23 20:10:33,2025-02-24 06:03:33
676,d3e3ded4-69f9-4f4e-88e4-2a16806273b3,585,2025-04-05 17:55:23,2025-04-05 21:03:23
677,fe1285e9-dad4-46f3-a97c-62fa23a5dff7,1176,2025-03-23 12:18:35,2025-03-23 13:39:35
678,d092e7b5-ce02-4117-b0e0-8b473cad907c,359,2025-03-06 13:59:30,2025-03-06 20:04:30
679,38ae639b-7987-480d-8778-0c9ec7e2b7b8,75,2025-03-27 12:36:42,
680,ef4c37d0-d265-47fd-9d2a-0d67e597b225,1614,2025-04-12 04:26:20,2025-04-12 14:23:20
681,59c435a2-dfdf-4a67-83e5-22d0cd4ace29,77,2025-04-02 19:55:11,2025-04-03 15:23:11
682,6749de8d-8301-46f6-b9e5-cb20eebe508e,220,2025-02-27 21:06:44,
683,140336b0-4630-4296-bb98-e9a59bbf5afa,583,2025-02-27 21:27:33,2025-02-28 19:25:33
684,5c22e9c1-8e31-4a5e-a3d8-bdcce94b5574,1074,2025-03-09 00:59:32,2025-03-09 05:38:32
685,10160de4-c11b-4ce1-ab8b-bd138ce043e7,1033,2025-01-23 20:45:04,2025-01-24 03:24:04
686,2e64ca5d-cd0b-418d-8b88-b15d1e407c23,231,2025-03-14 01:02:00,2025-03-14 16:46:00
687,f78bf1c1-ac15-47e3-80f4-91a503349f81,527,2025-04-08 06:36:04,2025-04-08 07:09:04
688,76124039-6655-44f8-bd26-01192d614f9c,691,2025-04-04 13:55:53,2025-04-05 09:22:53
689,a4d327c3-5c32-4fcc-877c-c5e9b8cfea4e,1551,2025-03-19 02:49:59,2025-03-19 23:45:59
690,803e8d5f-58c5-48c0-b117-70f93351c6b1,1309,2025-02-22 04:49:06,
691,71a57d0b-ae99-41db-aa3d-cbd25ca641ec,876,2025-04-02 06:43:33,2025-04-02 09:45:33
692,25c3b79e-f014-4b37-b780-1b0616346471,1371,2025-01-19 09:07:14,2025-01-19 13:59:14
693,f5ca0a0f-03f7-4276-a734-6b261beaa75a,663,2025-02-16 21:35:35,
694,ec899be4-4de0-4f10-8f3e-216669d153e1,535,2025-04-06 15:21:46,2025-04-07 06:40:46
695,f5be2d0e-0603-4bbc-8e2e-8dc8fef1c23f,547,2025-03-31 20:13:02,
696,8a868900-e05e-4dcd-8ae1-5addd6ff6a05,1193,2025-03-15 23:43:35,2025-03-16 00:11:35
697,dff3fbae-956e-41fb-9b6f-f7935315746f,1339,2025-01-27 12:34:25,2025-01-27 20:42:25
698,ec1ffcbd-8756-4963-97ea-0bf7172fa76c,1368,2025-01-21 12:49:44,2025-01-21 23:22:44
699,17b76c8d-8abf-44fc-b68e-46b1183cbeb2,831,2025-03-08 10:28:10,2025-03-08 21:09:10
700,570da126-ff9c-4805-b4a1-26a643be644f,241,2025-02-28 03:33:00,2025-02-28 13:42:00
701,afb6b357-f641-4b77-8845-fd6bf7517a85,1259,2025-04-02 07:54:07,2025-04-02 12:32:07
702,f5ca0a0f-03f7-4276-a734-6b261beaa75a,314,2025-03-29 06:59:00,2025-03-30 03:44:00
703,630ee896-63e6-47a2-8230-a8901ef736ef,852,2025-01-23 13:24:12,2025-01-24 05:33:12
704,c9601d84-6eae-4002-addd-2e334c3b519e,1101,2025-02-16 03:22:24,
705,5d3177dc-a546-4125-80bf-7641d820c738,448,2025-02-07 03:10:48,2025-02-08 02:28:48
706,cca894f1-8b5f-4d5e-a700-e2258c37c218,1221,2025-01-26 08:08:43,
707,cd5df7bc-64ae-44a6-87c9-869163d2bf70,1077,2025-03-05 14:40:42,2025-03-06 03:05:42
708,921603fe-dc4e-4ff1-82f1-ecf20b8a48fb,1156,2025-01-27 05:54:05,2025-01-28 00:40:05
709,b997f6ec-8f24-4dd2-816c-639ba5bf82d8,1036,2025-02-23 14:27:19,2025-02-24 08:51:19
710,3169f269-7b5f-4193-9ac5-fd5bc91042d0,337,2025-04-17 01:07:17,2025-04-17 18:57:17
711,4215aa6e-ea9a-4102-8557-91ab94228d75,239,2025-02-19 15:05:12,2025-02-20 11:04:12
712,551e766f-ade5-486b-b790-3886cf8e83fe,187,2025-03-25 16:39:29,
713,46f433a1-d07b-4193-8af6-ee8b1be79c70,1657,2025-03-05 09:47:05,2025-03-05 14:22:05
714,8e9e053a-adf7-4cd2-86c1-466cf851bd78,851,2025-03-13 21:55:19,2025-03-13 23:58:19
715,ce2622a3-03e5-4d74-9f2d-0d95d1ac8431,947,2025-02-18 19:07:10,2025-02-19 05:43:10
716,5f4d3e34-b5b2-4f45-a01b-c630ce7628f9,45,2025-04-02 23:48:31,2025-04-02 23:59:31
717,c68af5df-d55c-4c3a-b568-08091268358f,447,2025-02-03 00:44:11,2025-02-03 02:21:11
718,3a480b9d-e5a7-450b-bb6e-3ec1e87f5087,706,2025-01-27 16:50:32,2025-01-28 11:23:32
719,714a792c-7309-40c6-bd7a-79e24d8daabe,142,2025-03-20 09:05:32,
720,f0b8f7f4-9f69-4845-bdf9-5cb3378e045a,65,2025-03-29 08:30:59,2025-03-29 14:43:59
721,1b3400a6-9c1b-4b3f-b954-620714fdca96,278,2025-03-15 20:21:42,2025-03-16 18:28:42
722,098f4aeb-bedd-4a60-ae8f-ecb2dd1ff71a,861,2025-03-03 23:23:49,2025-03-04 12:31:49
723,cc7d0df2-a403-4ac1-b2c7-0488e8a55fbd,774,2025-03-16 05:38:57,2025-03-17 05:01:57
724,098f4aeb-bedd-4a60-ae8f-ecb2dd1ff71a,1356,2025-02-10 02:27:40,
725,85690625-5058-4d61-9f64-3c0d4d7d9c5e,1339,2025-02-09 06:46:50,
726,fc29cf3c-0b55-4a88-9689-1531cfff52ca,366,2025-02-25 14:01:10,
727,af0e8d04-d24f-4357-bdb6-db75befa9c6d,1084,2025-03-13 14:32:29,2025-03-13 22:13:29
728,188b425b-9e5b-475b-ad86-32d14ee9c3bf,8,2025-02-24 21:07:03,2025-02-25 07:23:03
729,4dc1b367-dfb5-4f86-b06d-c0d526b07bc1,1380,2025-04-14 18:14:39,2025-04-15 08:47:39
730,5229f835-4c9a-460d-bec1-c04cf84953db,777,2025-01-23 02:42:34,
731,a4aa131b-d4da-4805-8c4e-127f6e7ec1b2,944,2025-04-04 04:53:01,2025-04-04 14:22:01
732,98f23299-25c9-41cd-b2aa-ec2f9c3de962,1485,2025-03-19 10:31:31,2025-03-19 11:41:31
733,2e64ca5d-cd0b-418d-8b88-b15d1e407c23,1353,2025-03-25 19:21:14,2025-03-25 19:58:14
734,6de852e4-12cc-4134-b175-10ac5edf87da,423,2025-02-11 04:13:27,2025-02-12 00:34:27
735,b73cdcb4-3f36-46d6-908a-42297da7d90a,915,2025-04-13 03:02:08,2025-04-13 04:46:08
736,8deb0414-1e2d-4c82-9c33-eea22b033fe6,1517,2025-01-25 06:46:06,2025-01-25 21:49:06
737,bd9ba96b-f9f1-46b0-89fb-75a06a1d95f8,1106,2025-03-24 12:05:00,2025-03-24 14:05:00
738,a95890e7-b712-47c4-b6f3-38fa6a7deb29,1032,2025-03-25 15:26:29,
739,bd9ba96b-f9f1-46b0-89fb-75a06a1d95f8,1671,2025-02-28 10:12:42,
740,aefb8106-1f5a-48fb-8f8e-e3cd18c053dd,654,2025-01-22 02:59:26,2025-01-23 02:01:26
741,e5537c42-2881-4c4f-bb1d-4c0170574651,657,2025-03-10 10:52:02,2025-03-10 15:50:02
742,80e1caa2-db3c-4b9f-9bd4-e6eb3668257d,1068,2025-03-15 12:35:56,2025-03-15 22:55:56
743,ff16e0f0-9af5-4294-b37c-32d18140d0ac,125,2025-04-14 09:21:26,2025-04-15 05:37:26
744,55b40f5e-bc40-456e-838a-df44cc6a3edf,1506,2025-03-09 21:12:54,
745,70607689-e13c-42d6-adeb-c7570a7c2c59,1391,2025-03-08 18:29:01,2025-03-09 11:29:01
746,b62772e8-f1db-41a3-a450-f3e0c950247c,706,2025-03-12 16:01:02,
747,329361a6-34bb-4aa0-9944-30b6372a98c2,781,2025-02-21 15:09:43,2025-02-22 02:06:43
748,8556bc95-f772-496b-9cca-83e91771490a,853,2025-03-22 08:49:12,2025-03-22 19:08:12
749,8a46d480-b81a-44a3-84cb-5c682319594f,377,2025-03-25 13:41:07,2025-03-26 05:55:07
750,6de852e4-12cc-4134-b175-10ac5edf87da,462,2025-01-20 23:57:13,2025-01-21 04:57:13
751,fa51a4d5-2e77-420b-b3bc-35a3631947b6,949,2025-01-27 04:02:20,
752,ec069596-4701-4212-94e5-0490633fa225,846,2025-01-21 20:51:03,
753,a2b4bce1-00f8-4e18-b849-406d436977ca,1086,2025-02-23 09:47:17,2025-02-23 18:09:17
754,adf6ce2f-dff2-4f43-bae2-be6dc7a869c8,417,2025-02-23 17:21:54,2025-02-23 20:07:54
755,ecc716cb-5f33-4961-889f-1e5fbab9c583,922,2025-04-05 07:57:28,
756,af9f9ce0-1a24-4ac7-91fb-c1642fc941de,1097,2025-04-02 15:41:00,2025-04-02 22:16:00
757,54ede5c3-a8c0-4450-87ad-b7299295ea37,550,2025-03-13 04:56:27,2025-03-14 01:39:27
758,6749de8d-8301-46f6-b9e5-cb20eebe508e,81,2025-02-06 17:48:50,
759,98f23299-25c9-41cd-b2aa-ec2f9c3de962,1648,2025-03-17 14:36:45,2025-03-18 13:36:45
760,ce2622a3-03e5-4d74-9f2d-0d95d1ac8431,445,2025-01-26 05:23:54,2025-01-26 16:49:54
761,9c769b42-b119-4692-934b-e397b3937d02,32,2025-01-27 15:18:57,2025-01-27 21:52:57
762,64e37441-e69b-403e-b433-e571c9e71acb,1519,2025-01-29 02:42:59,2025-01-29 19:07:59
763,dded21d7-8dd0-4121-8797-a5e459721f8d,497,2025-02-23 11:48:57,2025-02-23 18:51:57
764,ef4c37d0-d265-47fd-9d2a-0d67e597b225,491,2025-04-10 07:10:40,2025-04-10 16:54:40
765,85a7e996-98c5-4871-8ef6-05e0308c4fb3,955,2025-02-07 11:46:10,2025-02-08 00:06:10
766,8d4379db-c640-4b52-8def-eef209c39ca7,536,2025-02-04 10:36:27,2025-02-05 03:39:27
767,18bf4a71-2609-4490-819e-83150b8dcc73,202,2025-01-22 20:50:54,
768,8d6fa5e1-d1fd-4139-bc20-4440bcf4fa3d,962,2025-02-03 07:55:53,2025-02-03 18:55:53
769,dded21d7-8dd0-4121-8797-a5e459721f8d,417,2025-02-27 00:48:16,2025-02-27 15:00:16
770,c55fca61-be83-4909-8e94-e3ebe1d6c076,1153,2025-02-15 07:10:34,
771,35a853a9-9165-411e-9db9-34337cf52bcc,299,2025-01-23 07:58:47,2025-01-24 02:56:47
772,38ae639b-7987-480d-8778-0c9ec7e2b7b8,1197,2025-01-21 19:50:26,2025-01-22 10:10:26
773,8e8a474d-e3d4-4569-b064-b420f101362e,313,2025-03-18 22:56:11,2025-03-19 06:52:11
774,85a7e996-98c5-4871-8ef6-05e0308c4fb3,1167,2025-03-28 09:08:01,
775,f34a26e4-85ce-4148-8094-ad764cee122e,1128,2025-02-06 01:24:00,2025-02-07 00:51:00
776,9e60aed2-aa47-42ff-a4a0-93194e17b2ab,528,2025-03-26 05:25:37,2025-03-26 22:10:37
777,db6bac7a-d9cb-44b4-b7e9-c0723f655656,1482,2025-03-25 10:32:14,2025-03-26 03:21:14
778,d5a00a4d-e03e-40b9-b730-01f3a29ad66a,345,2025-03-30 20:19:56,2025-03-31 08:25:56
779,66b3335b-e9d1-40d7-b08f-b47a1dadf788,287,2025-02-10 16:05:41,2025-02-11 08:50:41
780,01fe513a-7ba7-4b23-93a9-5b1e7e118a37,1111,2025-03-28 07:51:27,
781,6d52925c-a5d0-464a-87f8-4f47779f9a7b,121,2025-02-08 16:57:11,2025-02-08 19:34:11
782,d6a36a7b-41ef-471d-b4de-bf85fd4ba09b,1676,2025-03-15 00:44:19,2025-03-15 01:02:19
783,99a6ee70-4f14-4eba-9e8a-8597d672923b,282,2025-03-01 16:57:30,
784,e7b5a4dd-2e6a-48c0-bb4c-db43f27f8712,140,2025-02-11 05:12:43,2025-02-11 05:35:43
785,df6ea5c6-7a5e-4d52-b694-1aa7d3ac082b,1036,2025-03-08 03:33:14,2025-03-08 05:41:14
786,eb79a7b1-f3dc-484b-8b87-7e53de1386dd,1307,2025-03-16 15:49:10,2025-03-17 12:56:10
787,d092e7b5-ce02-4117-b0e0-8b473cad907c,990,2025-01-22 18:10:44,2025-01-22 18:47:44
788,ec899be4-4de0-4f10-8f3e-216669d153e1,1090,2025-02-05 13:56:21,2025-02-05 14:25:21
789,1763be41-4786-4f3d-b07f-79b0a14e4b5f,1085,2025-04-16 22:37:36,2025-04-17 16:59:36
790,16cc39dd-29cc-4ab0-9801-f60407e53b1e,36,2025-01-18 20:40:43,2025-01-19 20:34:43
791,a4d327c3-5c32-4fcc-877c-c5e9b8cfea4e,882,2025-03-24 06:09:51,
792,9fada6f5-a445-4252-ba1c-0f77e0e50bc4,368,2025-03-24 14:08:15,2025-03-24 17:30:15
793,70fe5439-4312-47ec-bcac-c79501d24fa4,305,2025-04-14 23:37:10,2025-04-15 20:51:10
794,61336c44-6f65-4ef6-b90a-6959658ecb2a,517,2025-02-10 13:23:27,
795,26909126-c9bc-4d2c-addf-76ae0f3fd2c8,1629,2025-03-12 09:04:37,2025-03-12 21:53:37
796,ff701c3a-fbc3-4bfe-b110-6dd84437e4d3,832,2025-03-14 01:05:35,2025-03-14 09:28:35
797,8556bc95-f772-496b-9cca-83e91771490a,463,2025-03-21 09:38:20,2025-03-21 12:28:20
798,1ec1e6f0-2797-4a27-9a3d-6f2a8cb42d42,1331,2025-03-03 01:51:13,2025-03-03 05:07:13
799,26c04950-5717-4768-b3fc-fd7df605aa9c,777,2025-03-09 23:47:38,2025-03-10 16:06:38
800,30fe7141-8d99-4727-967f-0607fcc40681,1305,2025-02-04 02:05:53,2025-02-04 08:00:53
801,2a57a025-a3c8-409b-b3ca-0e389bb6eb7e,1024,2025-03-23 04:59:03,
802,66f7ac98-5a6e-4d21-8327-6a76fb65558f,1607,2025-01-24 17:17:33,2025-01-24 20:37:33
803,093c7786-a5d4-4c65-91d8-ed0cdd1096b3,1082,2025-03-13 22:57:09,
804,e573acc5-eb0b-4a34-b0c4-ff67117bab10,433,2025-03-11 07:20:04,
805,46f12859-ba1c-42b3-8fb6-1b2a85639b3f,1161,2025-03-19 07:54:19,2025-03-19 09:34:19
806,2fc068d2-3040-4f77-9491-8c656725583d,153,2025-02-08 03:15:19,2025-02-08 12:54:19
807,3dc84bf1-5d52-4fd5-864f-a55b060544c1,1113,2025-03-10 21:49:18,2025-03-10 23:01:18
808,938e2f71-edbf-4896-9554-143838fd0c79,645,2025-02-16 11:24:54,2025-02-16 18:33:54
809,bf0e489d-0bb3-46db-8000-58950670443c,296,2025-02-15 03:11:39,2025-02-15 16:51:39
810,4d8dba8d-6138-4cfd-99d0-5cf068368237,158,2025-03-03 07:05:35,2025-03-04 02:24:35
811,6de852e4-12cc-4134-b175-10ac5edf87da,1161,2025-03-10 02:03:41,
812,5e9ca5c3-6555-4116-9ffb-cde60bc4dfa9,1387,2025-01-28 06:28:25,
813,a763735a-924d-4b78-992f-e7a3d5456a50,787,2025-04-01 16:53:30,2025-04-01 21:44:30
814,04bf92a2-9b08-4bb1-b43b-af9775d4353e,1412,2025-04-02 00:25:09,2025-04-02 17:35:09
815,c68af5df-d55c-4c3a-b568-08091268358f,709,2025-02-27 15:31:26,2025-02-28 06:31:26
816,e7b5a4dd-2e6a-48c0-bb4c-db43f27f8712,156,2025-04-03 16:02:27,2025-04-04 13:04:27
817,33bc3c07-34ba-4ebe-ae8f-c52794d853e3,1220,2025-03-03 14:06:34,2025-03-04 01:19:34
818,1b815737-8f29-429f-b318-2320a374c6a4,1299,2025-03-01 14:16:25,2025-03-02 05:43:25
819,739fe470-7935-4bae-8101-dec75c93408a,468,2025-02-26 20:48:17,2025-02-27 09:41:17
820,49c4869a-3add-4e25-9fa9-3fb9d44e6215,381,2025-02-11 17:57:46,2025-02-12 16:35:46
821,85a7e996-98c5-4871-8ef6-05e0308c4fb3,176,2025-04-01 05:20:07,2025-04-01 15:29:07
822,87c2c2e3-3963-41d0-bb30-6b99e7de53d5,505,2025-04-14 06:08:06,2025-04-14 09:01:06
823,48d4445d-ca6c-4829-9d72-16bf389e0e30,316,2025-02-14 03:03:34,2025-02-15 00:46:34
824,07fa88fb-e260-439d-a03f-a5f2fdd42222,1515,2025-04-14 03:07:27,2025-04-14 15:30:27
825,36418a2e-0f00-4b33-8d68-d6e096603485,188,2025-04-10 12:04:54,2025-04-10 22:40:54
826,b9bcd304-39e9-4b0b-be81-f1b7e39c71a8,738,2025-04-06 17:20:52,2025-04-06 20:54:52
827,d41bb559-c9af-4794-8adb-10730b5ebf10,179,2025-01-31 17:50:07,2025-02-01 09:14:07
828,a2b4bce1-00f8-4e18-b849-406d436977ca,1137,2025-03-31 09:20:08,2025-03-31 12:56:08
829,c56afa5b-f00d-4347-aa50-8c374aea2c81,184,2025-01-19 09:24:31,2025-01-19 12:39:31
830,69d1ae79-b789-44bb-8d32-47a3d0502584,1225,2025-03-12 09:51:22,2025-03-12 23:04:22
831,781241bc-aa1a-4070-b29c-9dfab0db93f0,598,2025-02-10 04:57:33,2025-02-10 07:55:33
832,2abb4375-420c-405b-ae9a-e203929d867a,1146,2025-02-16 15:39:50,
833,17e2aa93-ac7c-47c5-bd89-fa69516881a1,1172,2025-03-09 09:12:55,2025-03-10 08:40:55
834,85a7e996-98c5-4871-8ef6-05e0308c4fb3,348,2025-03-27 12:37:16,2025-03-27 22:58:16
835,48d4445d-ca6c-4829-9d72-16bf389e0e30,1010,2025-01-27 15:00:50,2025-01-27 20:47:50
836,26409626-3e00-486f-a63f-f921a9f425c2,566,2025-02-05 15:27:40,2025-02-06 08:03:40
837,864a832a-b9e3-4584-9d2f-8c0900a62f7b,158,2025-02-16 03:56:23,2025-02-16 12:26:23
838,8d6fa5e1-d1fd-4139-bc20-4440bcf4fa3d,1281,2025-02-05 17:13:03,2025-02-06 14:20:03
839,ef8e20ed-d8f3-4743-880a-b38bf447d94c,938,2025-03-31 17:58:47,2025-04-01 04:26:47
840,ec899be4-4de0-4f10-8f3e-216669d153e1,811,2025-04-02 23:43:47,2025-04-03 20:58:47
841,85a7e996-98c5-4871-8ef6-05e0308c4fb3,1647,2025-02-26 22:08:56,
842,e0d0734f-ebde-4a19-a59a-3037e218d791,686,2025-03-01 20:32:13,2025-03-02 18:50:13
843,c855d334-2589-49f3-983a-048055eec0c7,1218,2025-02-15 23:38:33,2025-02-16 10:39:33
844,6749de8d-8301-46f6-b9e5-cb20eebe508e,1424,2025-03-06 07:11:18,2025-03-06 17:59:18
845,97d66ce8-cf80-4214-bd5c-a6ebd01f638f,816,2025-02-14 15:00:06,
846,67aaaf94-1f58-43c5-84d4-73cc0181bad1,1506,2025-02-02 01:57:21,2025-02-02 18:47:21
847,7c5656bf-e747-4ea0-a2f1-0bdaf39ee624,1180,2025-03-30 07:11:49,2025-03-30 18:23:49
848,8a46d480-b81a-44a3-84cb-5c682319594f,575,2025-04-07 20:48:51,
849,af0e8d04-d24f-4357-bdb6-db75befa9c6d,748,2025-02-27 17:25:17,2025-02-28 12:44:17
850,19f636ea-b3b5-4cc8-a96a-4e81eb1cdb37,1213,2025-02-17 10:15:01,
851,14dc2143-7022-48e6-8841-d98b696ab0c0,1397,2025-02-14 07:21:30,2025-02-14 08:21:30
852,a1b32421-73b3-4d4d-8870-43d0de8dace1,1490,2025-04-10 23:30:32,2025-04-11 06:44:32
853,15cf7f1a-9ac2-4486-81b2-6bec1fa2e8fc,1634,2025-01-21 12:52:05,2025-01-22 12:35:05
854,821393f1-673d-4405-91c4-ede49b31e68b,1678,2025-02-12 15:22:49,
855,fb329ae3-57b6-47f2-96ed-9108f4aa1228,838,2025-03-04 14:05:48,2025-03-04 18:55:48
856,37e558a0-867e-453b-a733-6031e0bd6240,621,2025-03-22 13:30:50,2025-03-23 12:03:50
857,07fa88fb-e260-439d-a03f-a5f2fdd42222,1465,2025-03-13 21:06:22,2025-03-14 10:03:22
858,bf3542d4-2861-4243-a523-65bf0a633da7,920,2025-02-06 11:20:17,
859,911ddf90-ae5a-4d3c-8dd4-27760aea1ae2,1193,2025-04-03 01:03:37,2025-04-03 18:25:37
860,ecc716cb-5f33-4961-889f-1e5fbab9c583,1417,2025-03-26 01:21:10,2025-03-26 02:41:10
861,04bf92a2-9b08-4bb1-b43b-af9775d4353e,737,2025-04-02 21:32:13,2025-04-03 15:56:13
862,5b1f3387-b375-47a2-8af0-dd8db620e349,1307,2025-02-03 18:51:39,
863,70f8c810-4272-4442-a701-24c57a18b38f,1575,2025-04-02 13:42:41,2025-04-03 12:28:41
864,6407efee-1881-436e-8b7e-51dd31fbf9da,341,2025-03-07 16:12:25,2025-03-07 17:47:25
865,9743fafe-2470-4c21-9b00-36964941831c,1322,2025-03-17 19:23:53,2025-03-18 09:06:53
866,7c5656bf-e747-4ea0-a2f1-0bdaf39ee624,1542,2025-04-08 06:44:17,2025-04-08 21:30:17
867,36418a2e-0f00-4b33-8d68-d6e096603485,22,2025-03-01 18:30:27,2025-03-02 02:09:27
868,7747ea50-e627-4e93-914e-c95b1de3a9a0,1530,2025-02-27 02:07:40,2025-02-27 22:00:40
869,ea057652-a747-4ee9-809b-9de533cf79ba,1179,2025-02-10 21:20:44,2025-02-11 10:11:44
870,7f651d8a-d6d4-47ef-a84b-73dd60e3fe8d,949,2025-03-02 13:43:48,2025-03-03 09:53:48
871,570da126-ff9c-4805-b4a1-26a643be644f,1025,2025-03-17 06:50:37,2025-03-17 07:45:37
872,580383d6-688c-4566-b932-520a29a1c842,215,2025-04-04 19:56:05,2025-04-04 22:56:05
873,1da49151-2d6b-4a30-afae-e97814c098b8,1496,2025-03-22 20:24:46,2025-03-23 07:07:46
874,e85f18bc-716c-4cdd-a689-f32cff2f2142,933,2025-02-19 09:34:14,2025-02-20 03:26:14
875,580383d6-688c-4566-b932-520a29a1c842,714,2025-03-09 22:40:58,2025-03-10 13:42:58
876,8d6fa5e1-d1fd-4139-bc20-4440bcf4fa3d,1427,2025-01-27 15:31:30,2025-01-27 17:53:30
877,6835b9c6-cea9-4194-8bd6-ce75bf454da8,92,2025-03-25 22:43:56,
878,6d1040a0-14f8-4da1-a19f-8cc9bdde949e,47,2025-03-26 21:56:03,
879,f78bf1c1-ac15-47e3-80f4-91a503349f81,224,2025-03-12 23:48:37,2025-03-13 05:29:37
880,0afb740f-865d-4589-bd86-754bf9dc4eae,1517,2025-03-05 16:21:40,2025-03-05 22:23:40
881,d765cbd2-7b13-44e7-88d2-cdcaa7a39446,328,2025-03-02 16:43:15,2025-03-03 07:21:15
882,6d52925c-a5d0-464a-87f8-4f47779f9a7b,947,2025-04-08 16:53:34,2025-04-09 06:47:34
883,4fec20b0-fb06-4272-9e1e-ece0af8e1eb7,378,2025-04-11 14:40:42,2025-04-12 13:11:42
884,49c4869a-3add-4e25-9fa9-3fb9d44e6215,811,2025-02-16 23:31:42,2025-02-17 20:33:42
885,42605e08-9e78-409e-a290-129a63228db2,405,2025-02-14 02:15:37,2025-02-14 16:59:37
886,5e9ca5c3-6555-4116-9ffb-cde60bc4dfa9,10,2025-03-18 18:57:46,2025-03-19 02:03:46
887,b4325034-952a-47ff-a1a8-39620529759d,1541,2025-03-14 14:59:08,2025-03-14 17:12:08
888,3a22052f-3a0e-4cb8-9cc7-dbd1d9ee5b69,209,2025-02-04 00:14:45,2025-02-04 18:38:45
889,4faa12c1-a45a-4b19-82ef-934e8948db22,750,2025-02-17 19:54:40,2025-02-18 11:36:40
890,6d1040a0-14f8-4da1-a19f-8cc9bdde949e,538,2025-02-25 07:29:53,2025-02-26 00:16:53
891,0b54acd0-b566-4d62-a0fd-344fea42cb51,1309,2025-03-10 17:46:12,2025-03-11 07:06:12
892,41500063-9b64-44b5-bfc7-b5812748433e,804,2025-03-02 21:56:03,2025-03-03 09:53:03
893,586be788-ce71-4df2-99be-f842e0cd99f1,938,2025-03-24 01:38:54,2025-03-25 00:42:54
894,8ead3242-77ba-4b10-bc2b-836cbfd6277e,1640,2025-01-27 04:46:39,2025-01-28 01:49:39
895,998992f8-4d30-4f2c-8b63-e19a39edeb7a,174,2025-02-17 07:55:23,2025-02-17 18:41:23
896,fc29cf3c-0b55-4a88-9689-1531cfff52ca,489,2025-02-12 14:25:01,2025-02-12 20:44:01
897,630ee896-63e6-47a2-8230-a8901ef736ef,1421,2025-02-24 21:49:55,2025-02-25 11:09:55
898,c5d0a0ac-56e8-4bc3-8e7b-10d3d966cd4e,1222,2025-04-07 19:07:33,2025-04-08 08:17:33
899,3a480b9d-e5a7-450b-bb6e-3ec1e87f5087,381,2025-03-18 20:04:19,2025-03-19 14:29:19
900,8ffadd2b-ffea-4eea-a0d7-0d92940a078b,1322,2025-02-08 17:10:13,
901,5606e905-5b32-4704-a088-c92b094339e0,1137,2025-04-05 15:12:52,2025-04-06 01:08:52
902,a95890e7-b712-47c4-b6f3-38fa6a7deb29,384,2025-03-14 20:56:49,2025-03-15 12:24:49
903,29016ef3-1e16-4cb2-b6e2-057635ed8ef2,110,2025-03-19 11:47:17,
904,a1b32421-73b3-4d4d-8870-43d0de8dace1,20,2025-03-27 21:25:34,2025-03-28 04:09:34
905,824865e6-5d24-4ff6-8ea0-63bb2c67494b,787,2025-02-20 03:30:27,
906,4f91a9ce-5087-4a24-a62b-0255a06017e4,1338,2025-02-11 19:57:23,2025-02-12 19:24:23
907,739fe470-7935-4bae-8101-dec75c93408a,852,2025-01-27 13:01:29,2025-01-28 04:15:29
908,551e766f-ade5-486b-b790-3886cf8e83fe,343,2025-04-07 07:18:10,2025-04-07 08:26:10
909,fb329ae3-57b6-47f2-96ed-9108f4aa1228,1559,2025-02-19 09:02:44,2025-02-19 10:13:44
910,ff16e0f0-9af5-4294-b37c-32d18140d0ac,461,2025-02-19 16:36:23,2025-02-19 22:25:23
911,1647a849-0344-4683-9a8c-aa4095c444fa,937,2025-04-07 01:58:22,2025-04-07 18:57:22
912,a81b540e-1864-430e-a0de-77c56568ef8d,1047,2025-03-02 01:39:27,2025-03-02 05:37:27
913,48d4445d-ca6c-4829-9d72-16bf389e0e30,1588,2025-02-26 18:55:41,2025-02-27 07:31:41
914,b77f1264-3713-42ac-9251-2894d78d917a,1685,2025-02-17 19:34:01,2025-02-18 10:42:01
915,5f153b2b-1a4c-4d23-b088-75879aab5c3c,448,2025-03-23 01:58:51,
916,61bb1395-4a6d-441b-9f34-b1456b6b6654,1508,2025-02-01 14:56:32,
917,d063fb37-c641-4765-b855-c64e58967888,507,2025-02-06 15:40:18,2025-02-06 16:51:18
918,07ed9338-dcb3-4ebf-87f2-115a133a121f,539,2025-03-19 08:09:57,2025-03-19 11:12:57
919,15cf7f1a-9ac2-4486-81b2-6bec1fa2e8fc,241,2025-02-14 17:27:33,2025-02-15 01:37:33
920,0ac67e0d-2280-4ae1-b633-507929c70a8b,1661,2025-01-19 14:50:57,2025-01-20 14:26:57
921,15e8434a-9ad5-46cf-a3fa-103bc0b42d73,1456,2025-02-02 10:34:14,2025-02-03 01:15:14
922,4b9276cb-9905-41c2-9732-a2d6cef4950c,1262,2025-03-20 11:05:29,2025-03-20 18:13:29
923,acb456d3-3945-474b-8e38-b2d46eae629c,424,2025-02-24 09:47:27,
924,ee7b9958-456e-4c27-8fd7-ecd2761bbe02,719,2025-04-05 13:02:44,2025-04-06 09:29:44
925,78fece7f-a032-41c3-8e3c-d23f211f2c82,345,2025-04-05 16:58:38,2025-04-06 03:02:38
926,6c14cf57-cae8-42d3-b797-4bebd7b140e2,1173,2025-03-16 06:16:01,2025-03-16 23:54:01
927,3dc84bf1-5d52-4fd5-864f-a55b060544c1,1392,2025-04-02 07:36:14,
928,37780394-3700-4363-b8bb-7df49a28538b,1537,2025-01-19 16:52:54,2025-01-19 18:58:54
929,d8878f1d-1aff-417f-90c1-e1f7d8a712fb,1344,2025-04-10 20:23:36,2025-04-11 00:59:36
930,e6331c81-14f5-4a5e-8ac3-4aa0103fb9f0,300,2025-03-13 13:26:57,2025-03-13 21:57:57
931,03530dfa-9b5f-473e-9b99-26123352eb6c,1385,2025-03-14 12:20:52,2025-03-14 17:16:52
932,3a22052f-3a0e-4cb8-9cc7-dbd1d9ee5b69,1296,2025-04-06 19:15:23,2025-04-07 09:28:23
933,8a46d480-b81a-44a3-84cb-5c682319594f,926,2025-02-24 00:52:55,2025-02-24 04:07:55
934,2de75a92-4605-4bf0-a5e0-a60e52818ec0,1056,2025-02-13 16:06:27,2025-02-14 15:53:27
935,f7b3ffde-0e2c-4dc4-b583-1d717566aeb8,756,2025-04-02 23:08:29,2025-04-03 15:52:29
936,af2b7783-386e-49a9-8eb8-711998185097,1192,2025-03-16 19:48:51,2025-03-16 23:03:51
937,da6988d4-c358-4e4c-b565-17611aba0afc,939,2025-02-25 08:30:05,2025-02-26 08:23:05
938,fafc26d1-8641-468f-a394-73aa7ed081dc,130,2025-02-25 12:51:47,2025-02-26 02:30:47
939,df6ea5c6-7a5e-4d52-b694-1aa7d3ac082b,880,2025-02-28 05:42:14,
940,20a39dfd-dde9-47c7-98c9-af23def6221a,550,2025-03-24 10:47:02,2025-03-24 20:32:02
941,9e60aed2-aa47-42ff-a4a0-93194e17b2ab,1121,2025-04-07 01:21:18,2025-04-07 20:45:18
942,86142f38-c195-442c-ad8a-ad7e08f16514,994,2025-03-10 01:11:37,2025-03-11 00:33:37
943,d97a7657-7d71-4295-8fb8-a551adf8bf95,100,2025-01-24 19:50:18,2025-01-25 17:17:18
944,ccdbbda2-18e5-4c3a-a4ce-c4acf3651230,942,2025-04-15 18:01:46,2025-04-15 23:29:46
945,e0d0734f-ebde-4a19-a59a-3037e218d791,935,2025-01-30 10:39:32,2025-01-31 01:20:32
946,2758c48e-156f-4986-ac2d-2f0099a44102,1411,2025-03-23 19:54:31,
947,bdcd79ee-a7e3-4e20-b1c7-76d784ab8be3,1332,2025-03-11 20:06:03,2025-03-12 05:32:03
948,af9f9ce0-1a24-4ac7-91fb-c1642fc941de,1341,2025-02-05 07:13:48,2025-02-05 10:06:48
949,15b59b61-6359-412c-b512-9698722c6cf7,1361,2025-04-10 03:49:47,
950,4b9276cb-9905-41c2-9732-a2d6cef4950c,107,2025-02-01 03:08:02,2025-02-01 13:38:02
951,2abb4375-420c-405b-ae9a-e203929d867a,1433,2025-03-15 14:25:39,2025-03-16 05:09:39
952,c995e892-2e55-4f0d-b790-d5c2dd8e877b,187,2025-04-04 12:01:40,2025-04-04 12:08:40
953,0a95d1e1-43e3-4297-8ef1-3f66c58c1950,977,2025-04-05 09:23:30,2025-04-06 05:43:30
954,8a7881fe-4140-4fd8-b2ef-6cf9b762957d,1064,2025-02-01 18:57:12,2025-02-01 19:21:12
955,c4cfaa8b-c607-460f-b280-8d5cc1657c6e,1425,2025-02-11 05:12:38,2025-02-11 09:23:38
956,eba17684-d15f-4728-9477-d223dcab893c,865,2025-03-24 04:31:56,2025-03-24 20:54:56
957,80dc7539-36dd-4bc1-9e74-cb6a51a42ce7,469,2025-04-03 14:08:40,2025-04-03 17:42:40
958,61bb1395-4a6d-441b-9f34-b1456b6b6654,642,2025-03-22 17:26:02,2025-03-23 03:43:02
959,8b370113-d857-4a2c-a18a-aac95f704528,784,2025-03-20 19:20:19,2025-03-20 23:57:19
960,6716a5cf-389f-41c4-849b-91b07583d0cc,1387,2025-04-14 03:55:50,2025-04-14 22:06:50
961,9743fafe-2470-4c21-9b00-36964941831c,18,2025-03-22 07:21:26,2025-03-22 13:02:26
962,e0d0734f-ebde-4a19-a59a-3037e218d791,720,2025-01-31 20:50:10,2025-02-01 18:21:10
963,95b70a31-12ae-4855-987a-3e9aff986fe4,311,2025-02-13 11:29:43,
964,9557d591-49d8-48e0-a72c-78907db512b3,1407,2025-02-24 21:06:05,2025-02-25 04:35:05
965,5bbb52d7-3b71-4723-9ff7-2df4c6477f74,206,2025-03-14 00:19:15,2025-03-14 04:36:15
966,4d738fb7-a218-41b2-8ab4-f0e634bdd8b7,1496,2025-03-07 06:16:55,2025-03-07 21:00:55
967,97330a45-02f5-4282-a768-9dfbd1fa64af,1621,2025-01-31 23:05:34,2025-02-01 08:37:34
968,66f7ac98-5a6e-4d21-8327-6a76fb65558f,173,2025-02-05 15:47:54,2025-02-06 12:22:54
969,d67e9e34-17a2-4d77-81af-c5fe8603a1f7,1477,2025-04-16 07:52:27,2025-04-17 07:31:27
970,c56afa5b-f00d-4347-aa50-8c374aea2c81,1349,2025-01-23 17:13:07,
971,c32d0d15-1300-45dc-a3f7-9f8cd01260a7,1061,2025-02-09 14:54:36,2025-02-09 21:25:36
972,41c02d97-7c4b-4336-96dc-49eb4f004e22,803,2025-03-05 00:50:23,2025-03-05 02:46:23
973,ccdbbda2-18e5-4c3a-a4ce-c4acf3651230,1626,2025-02-07 19:10:42,
974,20a39dfd-dde9-47c7-98c9-af23def6221a,791,2025-02-09 23:52:31,2025-02-10 17:00:31
975,b91a44cd-78ba-4052-b5b7-87a44f457b51,1217,2025-03-06 19:23:19,2025-03-06 19:52:19
976,782b76f4-1f9b-41d4-a69e-61eda148a58e,649,2025-03-28 06:25:51,2025-03-29 01:54:51
977,5c27af1c-a03d-4f69-821c-facb26736d23,749,2025-03-13 19:13:23,2025-03-14 01:11:23
978,d97a7657-7d71-4295-8fb8-a551adf8bf95,965,2025-04-03 17:28:10,
979,f78e7361-8693-4b96-8ed5-b24555957d5f,150,2025-02-13 19:46:17,2025-02-13 22:09:17
980,5cf1fa61-9d31-4350-9b7e-d2ff839bedd0,537,2025-01-23 19:02:21,2025-01-23 21:10:21
981,24228f6c-e126-419a-bcf3-c36acd5ab971,1617,2025-02-25 04:19:08,2025-02-25 14:10:08
982,34ece149-7351-4ee7-8a32-ce2503871743,1460,2025-03-25 05:00:04,2025-03-25 19:15:04
983,3a480b9d-e5a7-450b-bb6e-3ec1e87f5087,1438,2025-03-28 18:46:17,2025-03-29 16:42:17
984,aa45baab-b913-461f-943b-5685725df3ff,1102,2025-01-24 20:52:34,2025-01-25 06:25:34
985,2a57a025-a3c8-409b-b3ca-0e389bb6eb7e,635,2025-02-07 09:46:24,2025-02-07 16:47:24
986,c855d334-2589-49f3-983a-048055eec0c7,1655,2025-03-09 14:17:22,2025-03-10 01:31:22
987,7f651d8a-d6d4-47ef-a84b-73dd60e3fe8d,1202,2025-02-27 18:55:30,2025-02-28 17:10:30
988,66a0826e-66fc-4431-a66f-2dbc09641f53,1318,2025-03-07 09:17:54,2025-03-08 09:12:54
989,b60b299a-b7c3-4b3f-b9c1-035c207ae784,1495,2025-04-17 22:33:31,
990,d485d540-ff23-4c19-9787-591863699332,119,2025-02-16 19:54:51,2025-02-17 10:48:51
991,1da49151-2d6b-4a30-afae-e97814c098b8,929,2025-03-28 06:03:42,2025-03-28 08:00:42
992,6cc31b4a-45ee-4e4b-bc70-1e2ad73d5f9a,1365,2025-04-14 09:07:07,2025-04-14 15:11:07
993,9315e61e-ba1e-47dc-bcdc-8310c12ac33f,26,2025-03-10 04:36:34,2025-03-10 05:04:34
994,a7717fb2-ea11-47f6-bf67-898b62801582,1017,2025-02-19 08:27:09,
995,28a998a2-78c3-4b00-b651-a5eb82c2c47f,1060,2025-03-07 18:13:44,2025-03-08 03:08:44
996,9411eac6-c54e-412c-9175-d7299b8ab8d6,762,2025-03-08 07:26:33,2025-03-08 16:41:33
997,b0791390-e8da-431a-b184-0e0c68fd2d5f,242,2025-02-11 08:58:20,2025-02-11 10:03:20
998,140336b0-4630-4296-bb98-e9a59bbf5afa,1653,2025-01-23 14:54:02,2025-01-24 08:51:02
999,3c840528-80a1-4327-8a2c-c93dc0ef4f70,539,2025-02-13 09:38:40,2025-02-14 05:23:40
1000,34ece149-7351-4ee7-8a32-ce2503871743,158,2025-04-05 01:21:34,2025-04-05 18:52:34
